flatContent,authorName
"Name : Real Name : ~~BaD-BoY~~ ( I love this name ) Contact details : bad.boy9667 Threads you already : I was one of the old member , got busy with personal life ...I am applying here ..and i dont need instant approval... will start cracking today .....I will start posting tommrow ...Just posted the thread Contributed to CA What tools you use : Sentry MBA Experience : I have only old experience ... I can make configs ( Dont know variable section ), Excellent combos , Proxies L1, L2 ,L3 Forums you are already : One of the forum was ************* and they have closed now working with How many hours you can spend on : I have VPS ...so it wont matter probably 3 -4 hours cracking per day.",~~bad
Welcome to the crew,spongebob75
Thanks for all of the support and recognition from everyone!,killahoe
Upgraded. Welcome to the crew bruh,unrated
"Thanks, amirk2!",killahoe
excellent.. 100 % vouch..Good luck..Welcome in CrackingArena Team,amirk2
"Thanks, Statiq! I appreciate the vouch & support, man",killahoe
Quote: Originally Posted by amirk2 proof from cracking Account.. Config ..............,killahoe
proof from cracking Account.. Config,amirk2
Quote: Originally Posted by amirk2 You have my vouch.. also Post some proofs of your work ..! Thanks for the vouch & support .. by proof do you mean showing how to make configs?,killahoe
You have my vouch.. also Post some proofs of your work ..!,amirk2
"Thanks for the support, UnraTed & SpongeBoB75!",killahoe
+ A vouch from me this guy is awesome,spongebob75
I have been seeing some great posts from you lately. I definitely give you a vouch,unrated
Name : KILLAHOE Real Name : (optional) Contact details : My Skype is Threads you already : Contributed to CA What tools you use : I use Sentry & a little bit of Vertex. Mainly Sentry since its more powerful in my opinion. Experience : I've been cracking since Nov/Dec of last year. Caught on pretty quick. I started making configs 2 months after that and haven't stopped since. :p The reason I decided to crack was to help others by posting accs they might enjoy. The main reason was I wanted to learn and stop asking people for accs. Forums you are already : I'm on NTG & CA How many hours you can spend on : 4-5 hrs per day thanks for ya time .. see ya in VIP!,killahoe
i know your ability and everything already as we used to work together. will talk with you personally,unrated
"Name: kiLl3R_CoOL/ Vipula9780 (I'd request fellow admins to change my name back to ""vipula9780"") Age: 18 Why you should be promoted to Moderators? Well I have been a member?Ex-head admin here since the forum started. Due to some problem, i had to left the forum. But now i have some free time with me and want to spend that time to learn something. What kind of forum you have Moderated before? Well as i said before i was a head admin here. i have full experience with vb and now i've also learnt some languages like ( java,mysql,html). How you'll help us as a Moderator?Admin? if i am given a shot, i'll try my best to contribute to the forum. Current i've working on a combo manipulator. How much Posts & Reputation you've got 1,168 Total REP AND Posts: 125",kill3r_cool
Thread closed,multicracker
Hi. This is application section. Apply For Cracker Rank!,bluesmoon
wanting to learn mnore but i also like to teach also and help other out,locouseking69
"there is what is offended and ask for ban, keep working for more posts and future definitely get range, good luck",david
bro is not enough 2 screenshots need more work,david
Cracked by loading... Rapidgator... Quote: macmillanr1@gmail.com - w1dehead srattigan@gmail.com - pa55w0rd revan89@gmail.com - comark89 mitrovicvladimir@gmail.com - linear16 neo.raptox@gmail.com - mon4398 dream3h@gmail.com - hidekey9sep link777@gmail.com - shiloh64 gpecom1@gmail.com - 1w2qaxsz,loading
"Man , i didnt mean anything O.o also i cant ban you becouse you ask for it ? whats wrong with everyone ask for ban ? its not like that forum works O.o a funny one",_2540echo_257Fuw8ecr
Quote: Originally Posted by Loading... ѕiLєηt_ρяiηcє = Bad multicracker = Bad Dogenymous = Bad No problem! i'm Cracker for me! Eddit.. please Banned mee! Now you have my Vouch! Don´t be sad - we all are bad...,
ѕiLєηt_ρяiηcє = Bad multicracker = Bad Dogenymous = Bad No problem! i'm Cracker for me! Eddit.. please Banned mee!,loading
"Quote: Originally Posted by multicracker First You Contribute Own your Config not Fucking Leech config and improve your work Do not use words like ""fucking"" & etc aginst other members please, its same rules for everyone",_2540echo_257Fuw8ecr
First You Contribute Own your Config not Leech config and improve your work,multicracker
"Aha...well...okay, let´s see what others say! Thank you for your answer.",
"when you put the sentry and several times the same combo , if not obviously change the password out useful, and did not check if the same login data bro..",loading
"Thank you for filling out the columns Sasha. This part is ""okay"," at least for me. If you would answer my question also then i would be satisfied for the moment: Quote: Originally Posted by ѕiLєηt_ρяiηcє The most interesting question for me at the moment is why are you posting the same logins for the same site over and over again? Kind regards"""
thanks All!,loading
"Hey loading... thank you for your application so far even if it´s not the form you should have made your application like told you here Code: http://www.crackingarena.com/f4/apply-cracker-rank-9941.html No problem, but I would ask you to fill out the following columns now: Code: Name: Real Name (optional): Contact details (gmail, skype, fb): Threads you already contributed to CA: we can see your screenshots so... What tools you use : Experience : Forums you are already working with: How many hours you can spend on cracking per day: The most interesting question for me at the moment is why are you posting the same logins for the same site over and over again? Take a look here and please tell me...i just want to understand the meaning, cause i can´t see it: posted at: 31/12/2014 Code: http://www.crackingarena.com/f11/elegantangel-more-x12-43236.html http://www.videobox.com/home chong0:lolazo afrigy:af1626 Djomni:pmp39d seanmv75:cbr600f4i brickdpm:heather Megaspam:library8 gffyra1:buffalo1 bolivar69:shagnasty posted at: 30/12/2014 Code: http://www.crackingarena.com/f11/videobox-com-43188.html videobox.com chong0:lolazo afrigy:af1626 Djomni:pmp39d seanmv75:cbr600f4i brickdpm:heather Megaspam:library8 gffyra1:buffalo1 bolivar69:shagnasty cheman:62359my8 fonzie102:susans kewolf669:1qaz2wsx Guilson2:Bowser123 posted at: 23/12/2014 Code: http://www.crackingarena.com/f11/videobox-com-x11-42567.html videobox.com x11 afrigy:af1626 Djomni:pmp39d seanmv75:cbr600f4i brickdpm:heather Megaspam:library8 gffyra1:buffalo1 bolivar69:shagnasty cheman:62359my8 fonzie102:susans kewolf669:1qaz2wsx Guilson2:Bowser123 I can´t give you my vouch at the moment bro´! Kind regards",
Thread closed please!,loading
Quote: Originally Posted by Persian Satan Post some screenshots of your work,igetby
Post some screenshots of your work,persian
Quote: Originally Posted by Statiq Read the rules before applying. You are on a great start so far though and we will keep an eye on you. Its tough to get approved but its only because you arent just joining a forum of staff. You are joining a family so the reward in the end is well worth it . Keep up the fantastic work and thank you for what you have done so far! Hopefully we see you more and more buddy. Hi i think i meet most of the requirements ?,igetby
Quote: Originally Posted by Persian Satan As I see from your posts u just shared brazzers and naked well thats not enough man Read This Thread First Apply For Cracker Rank! Hi i think i meet most of the requirements now ?,igetby
As I see from your posts u just shared brazzers and naked well thats not enough man Read This Thread First Apply For Cracker Rank!,persian
Anyone D: ?,igetby
Quote: Originally Posted by Persian Satan post proofs HI check the posts i have already done ?,igetby
post proofs,persian
"Hi, I'm applying for the rank of cracker !! Have a look at my posts in free section which are of a wide variety. Also, have posted configs and worlists as well as proxies ! Even one tutorial ! Thanks guys hope i make a good cracker for this site!",igetby
hahahahha right say Panoramix,multicracker
Just registered and you want a cracker position ?? Maybe you also want my position ?,panoramix
Read the rules! Apply For Cracker Rank!,persian
Hi! What i need to do here?,kaedokun
Welcome back,panoramix
Welcome back bro,persian
Welcome Back! Ill Add u Cracker Rank! Keep Up The Good Work!,
"Hi, I used to be master cracker here.ive been making combos and am back",gaspedal
"i vouch you :-) Hey man,you are so fast and the best. Many many thanks for all your good cracks here :-) your friend zappi",zappi
You get Trail cracker rank!,_2540echo_257Fuw8ecr
"competitor in the accounts filehost ..... probably my screenshots you are new to the forum you have to gain from trust and show your skills in posts, good luck",david
sssaaool thankss,tigin
as burn said yes ur proof as a cracker is good but u need share some pass for porn and filehosting site and other keep it up ur work and let us review ur application,rnb
By Proofs i see good skills on cracking...but problem is ur new here...and need to work more for rank... No Vouch This Time...,
"i vouch you. I know a man for a long time,the man is correct,and a great master in this... Go ahead Serken.",pejko
"Hi All, Maybe its early to change status but i believe i am experienced enough so i dont want to post many messages to get it. There are some caps about what i am capable of , and i can do much more.. Nice forum , hope we can make good sharings Name : Kocaeli Real Name : Serkan Location: Turkey Contact details : Skype What tools you use : SentryMBA, C-force, Chapta Killer, Vertex , Ez Leecher, Havij Experience : Master Forums you are already : Crackingarena (im new here) and CrackingDrift (Senior Admin) How many hours you can spend on : 2-3 hours cracking per day. Threads you already : u can see my threads http://www.crackingarena.com/search.php?searchid=479166 ( i like Filehost sites, and High Quality Adult Sites.) Contributed to CA",kocaeli
"No Vouch For You... you still need to work, show their best possibilities.... posts more accounts, make configs... help users and forum, good luck bro",david
"im sorry But No Vouch For U To This Reason u just sharing some pass and which that's not enough .. we need to see how you contribute for crackingarena you know im sayin config ,combolist,and more ok so start contribute if intresting for get this rank goodluck",rnb
"1. What is your username? demons123 2. Why you should be promoted to Moderators? I am back from school and have a bunch of time on my hands for the next 3 months so I would like to spend that time wisely and can be on here at least 5-12 hours a day 3. What kind of forum you have Moderated before? Have been admin and moderator on multiple IPB forums, and only once on a MyBB forum 4. How you'll help us as a Moderator? I can be very active and help clean up spam and non sense posts 5. How much Posts & Reputation you've got: Posts: 146 Rep: 3,555 Thank you for taking the time to read this!",demons123
Application Denied!U Still Not Geting What We want from one master cracker...so work hard with ur current rank and try to apply when u really deserve mod! Closed!,rnb
"1.Username:Respect 2. Why you should be promoted to Moderators? I try help the forum I have study but I trying helping vip member with myself , I like this site and all friends because everyboys wanted good something and really good stuff 3.What kind of forum you have moderated before? I worked was time some cracknig forums and I was time opened myself forum, i know it moderator rank 4.How you'll help us as a Moderator? I love this forum and give the time course all vip members and staff members with respect and help find leecher 5.How much Posts & Reputation you've got? I can going good post with differnet site , When my study finish ,if allowed i really wanted or no problem , i just trying Posts: 472 Reputation: 4,408 Total thanks all crackingarea STUFF",respect
he has my vouch!,statiq
thanks of y'all for vouched and Congrats to y'all grats approved,rnb
Congrats,gaspedal
Accepted and Upgraded ! Thanks for everyone who have participated by vouch RNB,_2540echo_257Fuw8ecr
my vouch too,_2540echo_257Fuw8ecr
He has my Vouch too,persian
ok im ready work again as a moderator gimme a chance again,rnb
oh i missed this thread! this guy have mah vouch too n why to regret?,unrated
i regretful topice can be closed,rnb
hmm... heavy topic..,david
My vouch too ... Go on doing good work here,panoramix
You have my vouch too. I am Fully agree whit multicracker.,amirk2
i vouch you ....but your work too slow........ improve you. you are the best..... and keep working good,multicracker
"1.Username:RNB 2. Why you should be promoted to Moderators? i've been active user in past now to cause some reason my activty was decrease and try to fix and make it like past as a moderators i can check thread and close them for avoid the mess and other things 3.What kind of forum you have moderated before? I worked on some forum in past and i workded with some vbulletin and smf and ipboread with different contect i dont think any problem with this 4.How you'll help us as a Moderator? it's so easy im online everyday and i can spend my free time here by check all dead thread and closed if they doesnt work and etc......... 5.How much Posts & Reputation you've got? Posts: 681 Reputation: 7,749 Total thanks of y'all RNB",rnb
Application Denied !maybe in the FUTURE Good Luck .!~,amirk2
Well thats mah opinion too. you are too new for us to get the mod,unrated
"work on, maybe in the future, as of now it can not see you as a moderator .... 2 years in the cracking is not long ... posts more accounts and configs his authorship of the proof... good luck",david
i agree with Respect as he said u r new member i can be a good moderator u know i mean if unrated and all cracker belive me for this rank i can be,rnb
"Quote: Originally Posted by BladeRunner Hey Crackingarena Staff I know I am very new here but I really want to be a Moderator because I like this forum so much! So here is my App. 1. What is your username? BladeRunner 2. Why you should be promoted to Moderators? I think to get Promoted is the Signal that you are happy with my work here on Crackingarena. This will motivate me to stay active and post more High Quality Accounts. 3. What kind of forum you have Moderated before? Vbulletin As Moderator 4. How you'll help us as a Moderator? I will be checking Accounts and move them do Dead Section. I think I will be a good Moderator because I am very active and I like this forum 5. How much Posts & Reputation you've got 70 Posts and 300 Reputation ( more to come in future ofcourse =) ) I wish you trust in me. I am a cracker for now 2 years and I am getting better and better. best regards BladeRunner bro are you serious , you are so new , they are wanted older person , share something , its dont matter for me , i just help forum dont need moderatör ...",respect
Hey Crackingarena Staff I know I am very new here but I really want to be a Moderator because I like this forum so much! So here is my App. 1. What is your username? BladeRunner 2. Why you should be promoted to Moderators? I think to get Promoted is the Signal that you are happy with my work here on Crackingarena. This will motivate me to stay active and post more High Quality Accounts. 3. What kind of forum you have Moderated before? Vbulletin As Moderator 4. How you'll help us as a Moderator? I will be checking Accounts and move them do Dead Section. I think I will be a good Moderator because I am very active and I like this forum 5. How much Posts & Reputation you've got 70 Posts and 300 Reputation ( more to come in future ofcourse =) ) I wish you trust in me. I am a cracker for now 2 years and I am getting better and better. best regards BladeRunner,bladerunner
Application Denied ! Good luck,amirk2
yes you are not ready for any staff rank.... you need hard work..... and dont again use to other ip... otherwise banned you :(,multicracker
"Our system has detected that you have multiple logins here. Another one is ""Zcracker"" so no vouch from me",unrated
but i cant bypass captcha.,wwexy
"Cracking Configs - CrackingArena -Cracking Forum, Cracking Downloads, Cracking Tutorials, Premium Accounts go here. i posted some",wwexy
yes i can make my config. with full capture,wwexy
Can u make configs? Post some WORKING configs that u made Your self and can you explain why did you make another account here?,persian
Posts : 50 Can Do : Get SQLI Combo Get Proxy Crack Premium Accounts Crack Master Ids { BT _ SBC _ And Etc } Make Trainer With Cheat Engine { With Assembly } And I Can Do Many More ______________ Proof: http://i40.tinypic.com/2q16kbb.jpg http://i43.tinypic.com/2rc742v.jpg http://i42.tinypic.com/16709q0.jpg http://i41.tinypic.com/1051hsp.jpg http://i43.tinypic.com/vh3w2r.jpg http://i59.tinypic.com/16mg5c.png http://i57.tinypic.com/345j5a9.png http://i62.tinypic.com/343gfh1.png http://i58.tinypic.com/do3pyo.png http://i57.tinypic.com/25qrj3t.png http://i57.tinypic.com/2hz1qbq.png http://i58.tinypic.com/ih63y8.png http://i57.tinypic.com/jk8z1d.png http://i62.tinypic.com/nutkz.png,wwexy
Amirk. Good job bro!,loading
Thank you topdos,amirk2
"Support moderator brothers do, we need you ^^",topdos
"Support moderator brothers do, we need you",topdos
"Quote: Originally Posted by multicracker not at time to Mod .. only you consecrate on your cracking ... hope you understand ok bro ,no problem",respect
not at time to Mod .. only you consecrate on your cracking ... hope you understand,multicracker
"Quote: Originally Posted by Dogenymous My Vouch to you , snice you have been staff here in old days too , and then left of some problem! yea dear , i know it , sorry but i really good working , i love the someguys , I try good help , I waiting some vouch , I try good share and vip request",respect
"My Vouch to you , snice you have been staff here in old days too , and then left of some problem!",_2540echo_257Fuw8ecr
Quote: Originally Posted by amirk2 Wow Thank you very much Sir Good lucky bro,respect
I am grateful to all of you for your approval. Thank you All Staff Surr BurNy,amirk2
U Have My Vouch..And I Trust In U!Ur Working Very Good and showing respect for this forum and for us..who trusted in u..Hope U Will Work More with new rank...not only cleaning the dead threads.... Keep Up Ur Work!!,amirk2
Moderated Message: Accepted By Dogenymous! [IMG]http://cdn.meme*********.net/instances/500x/44583168.jpg[/IMG],_2540echo_257Fuw8ecr
"Fully agree too, welcome as a new moderator, amirk2",panoramix
Np Sir.Thank you for accepting me.,amirk2
I'm on mobile. Dogenymous will take care of it amirk. Good luck :-D,unrated
Wow Thank you very much Sir,amirk2
My vouch too. :-),unrated
You have my Vough too,persian
Thank you RNB & Dogenymous,amirk2
"1. What is your username? Respect 2. Why you should be promoted to Moderators? I was have 3 years cracking , I know it make config ,special config, i know it variables, I love the help guys , I everytime try help ,when i free time , i enter the crackingarena, if maybe somestaff watch me , I everytime looking vip request and send account , because i think its need if some cracker send the request account, its guy love the this site and he is can again buy vip member (CA) Maybe i dont have a lot of reps but i don't liked everyguys share samea site I love the share in the my share day , everytime different and special site don't same I can do it show the some pictures for my sql injection work : Code: 3. What kind of forum you have Moderated before? I was have work the usually work the cracker rank with some forums,I know it rules everything Errorx0void invite the forum and i come .. 4. How you'll help us as a Moderator? I can do it look the all report , I can do lit look the all cracker forums , Who are the guys going the leech , I know it moderatör work .. 5. How much Posts & Reputation you've got 20 For This Post 1,566 Total See you later guys",respect
"Vouch from me too , Kepp it up",_2540echo_257Fuw8ecr
"Vouch for amirk2 , been very active in vip section but try to fill some request and help to close all dead thread and avoid the mess in all section good luck",rnb
"1. What is your username? __** Amirk2 **__ 2. Why you should be promoted to Moderators? ((I usually work all week with my internet so I can constantly be monitored site, I spend all my time on this site and I may attempt to commit here, you can see my previous activities.)) 3.How you'll help us as a Moderator? ((You motivated me to work on this site is submitted., I will make every effort to develop the site further growth. I work hard all day and I constantly update my posts. I can provide the best and highest quality of service for VIP section and other members of his unit as well as increasing the quality of the site as the best cracking forum to help. 4. How much Posts & Reputation you've got 725 posts & Rep: 12.541 Regard AmirK2",amirk2
Congrats. Welcome to the family,bluesmoon
Read The Rules !,unrated
i am interested to work with you,meltonmajor
"Thank you, I will not let you down",topdos
Congratz topdos,persian
Moderated Message: Accepted! n upgraded!,unrated
"Thank you, see part I posted the password, there is crack shots, etc., and to ensure that I have been the original author, please check the administrator",topdos
"Keep it up , i will Review your Application Regards Doge",_2540echo_257Fuw8ecr
"I hope the boss look at some of the posts I made, I have a very rich resources and highly skilled use of tools, you really want to join the family",topdos
"But the boss, you know some good quality sites, as long as it will be sent to the lock, be sure to put a limited area, I will publish some, I will try hard^^ Boss you have ""MSN"" do? Me a lot of stations are mailboxes use the password file and Japan (I have many) blasting or write your own small program to crack thank you",topdos
you need to post some threads first bro. keep posting i will keep checking your threads. Good luck,unrated
"I'm sorry, I did not find out. Where I do not meet the requirements？ I made the stickers are not released over the Internet, to ensure that the original dmm.co.jp ,d2pass.com Etc. Have my own unique crack method . I will break the site, probably 50 or so, basically the Asian sites, Since they do not believe me, even if the ,Or thank you",topdos
"Dear topdos, You dont meet the requirements for cracker rank now Read this thread first Apply For Cracker Rank!",persian
Master Cracker OR Cracker ，What is the difference？^^ I just released two postings： http://www.crackingarena.com/f11/hot...com-26839.html http://www.crackingarena.com/f11/met...tml#post439508,topdos
"Administrator Hello I come from China, my English is not very good sorry I play to crack for many years, have also done a cracking forum administrato。 I'll dig mailbox using AD CF MBA and other tools ， I will write some scripts to crack such as: DMM D2PASS etc. Will break some Asian and European sites Here are some of my shots because the English are translated, so I want to try The picture password, after I pass the certification. Posts in the forum will be Because I am not familiar with the operation of the posts here, then immediately sealing of fear, ask the administrator to understand ^ ^",topdos
Welcome back,stingray
hope u will work good with ur second chance! Welcome Back!,
Welcome back,panoramix
"no need, gave your rank back. Get back to work now",unrated
i am back !@#!@ do i have to sumbit a new application ? if so i will edit this thread.,gaspedal
Quote: Originally Posted by red.baron thank you mate Welcome,obito
thank you mate,red
Gratz and Good Luck,obito
Moderated Message: Approved. N upgraded,unrated
we really need some guys who knows to exploit...and hack sites...so looks interesing..Vouched !!,slip_knot
I like this dude. A big vouch from my side!,protorug
Quote: but need first work and proof his work. any way my vouch for V1rus Can you show me any section where i can post my exploited database ? and thanks for the vouch more pics added want more ?,v1rus
"Quote: Originally Posted by UnraTed lol just my opinion bro, everyone tell their opinions thats why told him to apply in this section ok unrated but need first work and proof his work. any way my vouch for V1rus",multicracker
"Quote: Originally Posted by Persian Satan ok if u say he has my vouch power is yours lol just my opinion bro, everyone tell their opinions thats why told him to apply in this section",unrated
ok if u say he has my vouch power is yours,persian
"Quote: Originally Posted by Persian Satan You MUST Post More Threads No vouch from me right now As he is not applying for cracker rank, he need to post more proofs or show us more databases bro. not threads. I dont want him to post more databases posted in public section lol",unrated
You MUST Post More Threads No vouch from me right now,persian
Quote: Originally Posted by Persian Satan well you must be registered atleast for 1 month you must earn some reps and making more threads and plz post more proofs lets see what others say i know rules but i have reason why i made this thread and here reason ok i add more proof for you,v1rus
well you must be registered atleast for 1 month you must earn some reps and making more threads and plz post more proofs lets see what others say,persian
"UnraTed allowed me to apply for exploitor rank Name : V1rus Threads you already : Code: http://www.crackingarena.com/f98/softygirls-23148.html http://www.crackingarena.com/f98/http-mywildparty-net-23147.html What tools you use : Manually Injection,Havij,WebCruiser,sqlmap & much Experience : 2 yaers How many hours you can spend on : 2-10 hours Proofs :",v1rus
u need to work hard,multicracker
"I don't have experience, but would like to learn and help in any way I can. Please pm me if this is possible. I really appreciate what you all do and I would love to help out the community & possibly learn something along the way if possible. Thanks.",shark7519
yes understood.,user0101
the first proof is just an easy popup site...and important is to have knoweledge in sentry not in CForce...Try to learn and work and u can have u chances to have rank here.. Good Luck,
"you need to post screenshots of making configs with capture, solving captchas etc.",unrated
any more proof - [Sentry Mba] wad.ojooo.com simple settings works without problem as you can see thanks,user0101
"Hello User, Are you able to make your own configs? If so please make your application look like this. Regards, Watchdog",obito
"You will need way more proof than this to get the rank dude. Good Luck, Demons",demons123
Notices: If Anyone intrested in Work With Us. Apply here! __________________________________________________ ___________ yes can I help forum work cforce and sentry mba use more + sentry thanks,user0101
As the Others Said Moderated Message: Application Denied Thread Closed,persian
Umm! Though you need to be more working in forum; Thats a difficult task to promote you before knowing your abilities! Lets be true post some of your work in this forum that you think can be a handful bag!,darrinda
We Cant Upgrade U Imediatly To Mod!Lets See Ur Attitude In Some Days..And Start Working And Contributing Here..We Will Talk Again,demons123
"yes, you cant get mod in direct. apply for elite or cracker and we will test you and if you pass that you can get elite and can get more upgrades according to your activeness and work. Seems you can get elite easily. Good luck",unrated
thanks anyways and thanks for the tips!,demons123
"Hello Demons, I am really sorry but you do not currently qualify. You need to post configs created by you along with picture proofs. Please refer to this post to see what I mean Example Application. Also you have to go through steps starting with ""Elite"" and then moving up. Good luck with the future application but for now I am sorry, you cannot apply for Moderator. Post some proof and try for Elite or Cracker rank. If you have anymore question please feel free to PM me or one of the admins. Regards, Watchdog Moderated Message: Application Denied for Now!",obito
"Hello, Username: demons123 Why you should be promoted to Moderator? I would like to be promoted because I love to help people out in many ways, I have many ways I can get more members, and I can help with the spam here on the forums and help people get around and help them out, and the opportunity would help me be more successful on this forum What kind of forum you have moderated before? N/A How you'll help us as a Moderator? I can help with the spamming issue since most of the members here spam for Reply to see content, and with the VIP and Regular account requests I can achieve mostly any account for any website upon request for members which could help How much Posts & Reputation you've got? Posts: 96 Reputation: Not sure where this is at Thanks, Demons123 (Sorry will step up my posts and activity just seeing if I qualify for anything)",demons123
congratz Amirk2,persian
To many Of Our Staff Vouched Him..UnrateD Is Pro To...So Congratz Amir And Keep It Up With Ur Work!,
thank u wolves,amirk2
"You get my vouch too , good luck",_2540echo_257Fuw8ecr
ok multicracker bro.thank u,amirk2
amir i vouch you. but u need more work hard like config impotant........,multicracker
Thank you for confirming my(BuRn and persian bro),amirk2
Im fully agree with burn you have my Vouch too,persian
The good thing is ur trusted in this forum....and u spend all ur time here...And I Really Like so much when i see someone who loves Ca like me.U Have my vouch..but u have to work more..with configs and u have to post more Proofs. Good Luck,unrated
"Name :Amirk2 Real Name :Amir (optional) Contact details : skype:amirg-k (gmail, skype, fb) Threads you already :""I have contributed many account you can check my profile"" Contributed to CA What tools you use :sentry mba-EZLeecher-havij-Cain- acunetix.... Experience :Elite Forums you are already : Crackingarena working with How many hours you can spend on :6 hours cracking per day.",amirk2
Congrts,darrinda
Congrats Naruto,thelightishere
good application.Keep it up with ur work and welcome!,
"uzumaki naruto Welcome to the Ca family hope you working good "")",multicracker
Vouchd !!!!! nice,gaspedal
Thank you for accepting my application and to all who vouch for me,uzumaki
Seems promising. Accepted! Good luck bro,unrated
as your wish,uzumaki
wait . post a screen shot with sentry hits with ur username typed on notepad,gaspedal
"Amazing , you get my vouch too",_2540echo_257Fuw8ecr
tanks man!!!!!!!,anandrocker
I vouch for you,rare
welcome your advice i start sharing config,uzumaki
nice Work man keep it up share your config only your making .... and i vouch you.,multicracker
"Username:-uzumaki naruto Contribution:- not filling one month member criteria but mod told me apply which tool you use :-sentry , Fastocr , c-force , ezleecher ,charon,jtr,passwordspro....etc Example of Works:- captcha work decrypt Proof of work(making config) If you want anything more and i can do that i will add that too",uzumaki
hope you working good and keep it up and welcome to the Ca FAMILY.,multicracker
Quote: Originally Posted by multicracker yes why not but only you shared first crack your acounts and config. Exams broo,gaspedal
Congrat byking hope you follow the rule and share your good acounts and other activity.,multicracker
yes why not but only you shared first crack your acounts and config.,multicracker
can i use this to re apply?,gaspedal
Im Approving For U And The Other Guy Who Applied For Rank!Both Of U Will Added As Elite Members.Lets See Ur Work In Some Days!If I See U Reply More Then Post U Will Demoted Without Warn! Good Luck And Hope U Guys Do A Great Work!,
Im Approving For U And The Other Guy Who Applied For Rank!Both Of U Will Added As Elite Members.Lets See Ur Work In Some Days!If I See U Reply More Then Post U Will Demoted Without Warn! Good Luck And Hope U Guys Do A Great Work!,
Analize login page and refresh cookie...,ruffy
,ruffy
this is only cracked aounts not making config lol,multicracker
here is my cracked account for today sweetsinner sweetsinner config m.sweetsinner.com sentrymba,ruffy
lol give any proof u cracked and making config,multicracker
I'm breaking my own accounts mofos shared config I did his capture. Can you do the voting site to be cracker Let's look at what everyone else will say,byking
We dont need leechers man if you think youre a real cracker prove us,persian
See my shared accounts. See my rep My Rating Do you think I do not deserve to be a cracker,byking
"bro you have to show your work .. configs, accounts ... to be more active",david
Share Your Cracked Acounts and your making Config and dont leech post any acounts and config to other sites. only share your cracked. then i vouch you. and last Best of Luck.,multicracker
Read this Apply for Elite Membership Here!,unrated
"You get my vouch , good luck",_2540echo_257Fuw8ecr
"Name:ruffy What tools you use : Sentry MBA, Z-Leecher,S-WordTool,RaptorIII, etc.. I can make a good combo list to get good results Both with z-leech as other programs I can do a good proxy list How many hours you can spend on : 5 to 6 atleast cracking per day. What sites you : digitalplayground,mofos,realityjunkies,sexart,vivt homas,pornpros,naughtyamerica..and many more Forums you are already : None working with",ruffy
No Vouch! U Posted One Leeched Config And This Is Anti Rules!Thread Closed!Try Next Time With Ur Work Not With Others Work!,multicracker
I do not know what more I can not understand for English. I know sql mail SQL Mail account and he broke one of the orig,byking
Quote: Originally Posted by byking [ Mofos Capture not cracking. he asked for proof of making config. thats mofos config is not made by you right?,unrated
[ Mofos Capture,byking
Well your mofos config with capture is a leeched one,persian
We saw the acounts you posted. but post some screenshots you are cracking it and making configs too,unrated
Well you need to post some proofs You must prove us that you are a cracker then we can decide,persian
"You get my vouch , just post some configs for proof best of luck",_2540echo_257Fuw8ecr
Start Sharing Some Configs ANd Accounts,
show you skill share you making config and cracked acounts and proxy etc..... then all staff members give you rank. hope you working good. and BeST OF luck,multicracker
"Name: ByKing What tools you use : Apex, ApexSE, C-Force, AIOHNB, SentryMBA, Freeze, FastOCR, RaptorIII, Private Combo/Proxy leechers, Z-Leecher, Charon, Bleach, Proxyfire, XNProxychecker, RoyDJ Proxytester, and much more. I'm writing my own program Daredorm, gfrevenge, black gfs, mofos full capture, capture, and a lot of full brazzers did config. If I broke my share of those sites, and other shared accounts cracker sites would continue to paylaşmayada accounts. I do not know much English. 's all try to understand a little bit",byking
Welcome to the family,bluesmoon
"Welcome, liked your application, a new innovative way!",protorug
Welcome to the CA family hope you working good,multicracker
i would like to thank all the staff and crackers who saw this through i would also like to thank every member of this site for making it such a good site! keep up the great work!,gaspedal
Welcome to the Crew,unrated
I like ur desire to work with us! Approved By Me! Welcome To CA CR3W!,
"ADDMEFAST PROOF: Code: [Settings] SiteURL=http://addmefast.com/login Timeout=15 WaitBot=0 ResolveHost=0 ComboFilter=0 ComboMode=0 EmailFilter=0 EmailMode=0 UsernameStart=6 UsernameEnd=8 InvalidChars= AllowedChars= Letters=0 Digits=0 Alpha=0 Email=0 LowerUpper=0 LetterDigit=0 SpeciaChar=0 PasswordStart=6 PasswordEnd=8 PasswordInvalidChars= PasswordAllowedChars= PasswordLetters=0 PasswordDigits=0 PasswordAlpha=0 PasswordEmail=0 PasswordLowerUpper=0 PasswordLetterDigit=0 PasswordSpeciaChar=0 ProxyActivate=0 ProxyRatio=4 ProxyCombo=0 WaitTime=5 BanWindowWidth=1 BanWindowRatio=10 BanWindowProxies=10 blnNoProxies=0 HTTPHeader= |Accept: */*|User-Agent: |Host: |Pragma: no-cache|Connection: keep-alive| RequestMethod=2 Referer=0 POSTData=email=&password=&login_button=Login [Fake] AfterFP=0 blnSuccess=0 SuccessRetries=3 blnProcessErrors=0 blnCompleteNot=1 EnableConHits=0 ConHits=0 FollowRedirect=1 EnableConLength=0 ConLength=-1 SourceTags=1 UserField=0 HTTPFollow=1 blnForbToOK=0 ForbToOkLength=1000 blnBadOcrCode=0 BadOcrCodeRetries=3 [Keywords] EnableHeaderSuccess=0 EnableHeaderBan=0 EnableHeaderFail=0 EnableHeaderRetry=0 HeaderSuccess= HeaderBan= HeaderFail= HeaderRetry= EnableGlobalSourceRetry=1 EnableSourceSuccess=1 EnableSourceBan=0 EnableSourceFail=1 EnableSourceRetry=0 SourceSuccess=Logout SourceBan= SourceFail=Please re-enter your email and password. The password or email you entered is incorrect. Please try again (make sure your caps lock is off). Forgot your password? Request a new one. SourceRetry= [Form] IAParse=0 LoginPostData= LoginMethod=1 LoginHeader=0 Action=http://addmefast.com/login Username=email Password=password Email= AddData=login_button=Login CustomData= NoIndex= Cookie=SERVERID=2adshfbskxcvsjsd9d53; PHPSESSID=o3tl1nf6ouorriv7lp02v122r2 IAction=-1 IUser=-1 IPass=-1 IEmail=-2 ICaptcha=-1 ReqReferer= ReqCookie= AjaxURL= AjaxPOSTData= AjaxData= AjaxParsingCode= RefData= ParsingCode= FormRedirectUrl=http://addmefast.com/profile RedPostData= RedKeys=||Logout DataDesc= CaptureParsingCode= RefreshSession=0 RefreshCookie=1 FormHeader=0 AjaxHeader=0 RedHeader=0 IAMethod=2 POSTMethod=2 RedMethod=1 ImageAfterAjax=0 blnBasic=0 FollowRedirectsOnIA=0 FollowRedirectsOnRed=1 [Ajax] Variables= PostElements2= RedURL= [OCR] OCRMode=0 URLMode=0 ImageURLID=|| Captcha= OCRKey= RefreshCaptcha=0 blnContrast=0 blnBrightness=0 blnSaturation=0 blnThreshold=0 blnInvert=0 blnNoise=0 blnIsolate=0 blnResize=0 blnBorder=0 blnCharExtract=0 blnRemoveColors=0 blnStringFilter=0 blnLetter=1 blnDigits=1 blnBlur=0 blnReconstruct=0 blnLower=0 blnUpper=0 blnRemoveLines=0 blnMultiChar=0 blnCharTable=0 blnPalette=0 blnCharResize=0 blnCharSubExtraction=0 blnThreeImages=0 blnGif=0 blnCompute=0 blnBorderPre=0 Contrast=0 Brightness=0 Saturation=0 Threshold=0 Noise=1 Isolate=1 Resize=2 BorderLeft=0 BorderTop=0 BorderRight=0 BorderBottom=0 CharExtractMinBlack=0 CharExtractMaxBlack=1 CharExtractMinWidth=1 CharRotateMax=0 CharRotateSteps=5 MinLength=1 MaxLength=10 BlurRadius=1 CharExtractMaxWidth=33 CharWidthMinBlack=2 CharSpace=1 Range=0 InvertDensity=0 InvertLength=20 LineCurvatureMax=4 LineWidthMax=13 CharResize=1 CharHeight=13 GifStart=2 GifOffset=2 BorderLeftPre=0 BorderTopPre=0 BorderRightPre=0 BorderBottomPre=0 CharBorderH=5 CharBorderV=5 CharRotateBorder=5 CharExtractMinHeight=1 VerticalRejoin=30 CharExclude= SpecialChars= Colors= Colors2= Lines=Min Length: 2, Max Width: 5, Horizzontal Language=eng",gaspedal
hahaha so much prooooff !! ok will do thanks guys for the chance,gaspedal
yah u need post more acount & config. specialy config share with proof and only post ur made config ok. and best of luck bro,multicracker
Youre Doing a Good Job But You Need To Post More Accounts And Proofs,persian
yeah saw ur configs..but pls post some proofs!,
"Quote: Originally Posted by BuRn Good Crackers Are Always Welcome In Ca! Show More Proofs,Post 4-5 Configs made by u and post some accounts in vip and free section. Good Luck i have already done all that bro",gaspedal
"Good Crackers Are Always Welcome In Ca! Show More Proofs,Post 4-5 Configs made by u and post some accounts in vip and free section. Good Luck",
Good luck mate !,_2540echo_257Fuw8ecr
show your all skill and share in free section share your config acounts....,multicracker
add some screenshots of you are making configs mate,unrated
"Might not meet some of the criteria but i was told by admin to apply. I have been active in the vip section. Name : GASPEDAL Contact details : SKYPE: GASPEDAL13 (gmail, skype, fb) Threads you already : I HAVE ALOT OF THREADS WHICH RANGE FROM PROXY LISTS, TO CAM SITES, TO XXX SITES TO WORDLISTS Contributed to CA What tools you use : SENTRY, EZLEECH, APEX, CFORCE, OCR, MOST OF THE TOOLS OUT THERE.... PROXY MASTER, Experience : EX-STAFF, AND BEEN CRACKER ON TWO FORUMS (elite) Forums you are already working with: CRACKING ARENA How many hours you can spend on : 5 HOURS",gaspedal
nice bro . i will apply soon. Get ready,gaspedal
Moderated Message: Denied for now! Post Unleeched or Shared materials! Don't disappoint me!,rare
u must work more and post ur OWN CONFIGS no vouch for u now maybe next time,persian
"you still need some work, as it would look in relation for instance to me",david
Levici u posting only dead acount i warned u u lose ur rank :(,multicracker
my vouch you too bro but sharing acount 100% Working Good Luck,multicracker
Thank you guys!,statiq
Moderated Message: ACcepted! Welcome to the family! Congrats,rare
my vouch too,unrated
"oh yeah. we definitely need a Dj in da house. bye, blue",bluesmoon
Thank you so much for all of your kind words! i wont let you down,statiq
my vouch too haha Application Accepted!,unrated
You have my vouch too,persian
I Warned u two times for ur configs.First time u shared one fake config and yesterday one leeched config.This time NO VOUCH!Next time when u apply for rank u will to work double to cancel ur bad image here!!,unrated
U Have my Vouch Cuz ur active at CA and it looks u love CA.I Like Your Desire to learn to crack and to contribute with ur work. Good Luck!,statiq
Thank you guys,statiq
here are some that I posted with proof! http://www.crackingarena.com/f78/%5B...-me-13187.html,levici
I 100% agree! Although my say really doesn't matter I think DJ is an all around great asset here. He's a great contributor and will go out of his way to help anyone who needs it.,slip_knot
"post some configs that you made, with screenshots",unrated
Thanks Rare Brother,levici
"You have my ""Vouch"",thelightishere
""Good Luck! I vouch for you too",rare
"1. What is your username? DJStatiq 2. Why you should be promoted to Moderators? As a moderator I will provide essential monitoring to this websites activity in order for new and current customers to receive the highest quality and quantity of products. I usually work 5 days a week outside of the internet but as you can see from previous activity, I am still always finding time to support the forum to the best of my ability. I will still manage the time to conduct cracking as well. 3. How you'll help us as a Moderator? You will be assisted by my professionalism as well as my motivation to ensure that this website does not only stay alive, but continues to strive in the advancement to remain the number one cracking site on the internet. 5. How much Posts & Reputation you've got It currently shows that I have 509 posts and 1,229 Rep",statiq
Good Luck!,rare
"Name : Levici Contact details : (levici@hotmail.com, levicivirdi) (gmail, skype, fb) Threads you already : http://www.crackingarena.com/f78/%5B...-me-13187.html http://www.crackingarena.com/f11/lum...%5D-13157.html http://www.crackingarena.com/f79/pur...%5D-13138.html http://www.crackingarena.com/f11/bra...x20-13088.html http://www.crackingarena.com/f65/pur...%5D-13083.html http://www.crackingarena.com/f65/ote...%5D-13081.html http://www.crackingarena.com/f65/rap...%5D-13080.html http://www.crackingarena.com/f11/fil...%5D-12857.html Meat-members x6 http://www.crackingarena.com/f65/rap...%5D-12842.html HideMyAss! Prêmio ProxyList 04.10.2013 Gfmemberspass x4 Rookiebabe x2 Jordancarver x3 Brazzers x5 Allnetworkpass x9 Gfmemberspass x3 and many others! What tools you use : Sentry MBA, Raptor, Z-Leecher 1.1.0, Combo leech, S-WordTool , Havij, Web cruiser etc... Experience : I can make a good combo list to get good results, both with z-leech as other programs, I can do a good proxy list for greater confidentiality when accessing accounts, accounts crackeo 5 months and 5 have otimos results as you can see some accounts in my elite selection. Forums you are already : CB.com working with How many hours you can spend on : I can stay all day if you do not have anything to do cracking per day. I hope you like my application, I will be very honored to be a cracker Cracking arena!",levici
"LMFAO did ""thank you !!!"" by zac??? lol zac dont forget to give rep as well bwahah",statiq
Quote: Originally Posted by ILLUMINATI I would like to point out this other application though and wonder why so much is being asked of me right now? Application for cracker rank These are old applications and our Laws has changed,persian
"Added 3 configs, more to come later on",illuminati
First thing there is no need to point out no one here!!! BuRn told you what to do basically if you don't want post configs post like two and the rest working accs or what ever other stuff you might want to share!!! the key here is Sharing we will respond as soon as we feel you are contributing,thelightishere
"Quote: Originally Posted by Persian Satan Unrated says Youre good in cracking but I dont agree coz i didnt see anything from u u must get atleast 300 reps and Post 30 Threads and Post 5 working configs and also Post some proofs of your work Okay I am fine with that, I can put the work in. It isn't like I am asking for MC or anything, just the basic cracker position you know. I would like to point out this other application though and wonder why so much is being asked of me right now? Application for cracker rank As you can tell even as my application is now, this is much more basic then mine and went through with flying colors, no questions asked So you guys just let me know what I need to do and I will do it. Posting some configs today but I am going to save the good shit for the higher up sections",illuminati
Quote: Originally Posted by zac thank you !!!! Dafuq,rare
thank you !!!!,zac
Good crackers are welcome at CA.So post 3-4 Configs and some proofs of ur work.,
Unrated says Youre good in cracking but I dont agree coz i didnt see anything from u u must get atleast 300 reps and Post 30 Threads and Post 5 working configs and also Post some proofs of your work,persian
"Double post, please remove from here Thanks",illuminati
"Name: ILLUMINATI Contact details: None, site PM only Threads you already : Easy money from Wal-Mart! http://www.crackingarena.com/f11/1x-...iot-12569.html eurofoxes babes.com Bangbros Config Naughtyamerica Config [Strongbox] Loveevelyn Config I have also made more but since they were in the higher sections, they can not be seen by me now. :/ What tools you use : Apex, ApexSE, C-Force, AIOHNB, SentryMBA, Freeze, FastOCR, RaptorIII, Private Combo/Proxy leechers, Z-Leecher, Charon, Bleach, Proxyfire, XNProxychecker, RoyDJ Proxytester, and much more. Experience : Over 3 years with cracking and other 'hacking' type subjects. I have all but variables down. OCR, Pop-up, Form Amount of time a day: 4+ easily I would just like to say, as far as 'proving' myself I have already done so once before but then lost my tools on my other laptop while moving and fell inactive so I lost my position here. I have much to share, but also demand some recognition while doing so. Thanks! Have a wonderful day guys!",illuminati
,rare
Quote: Originally Posted by AshkanCR7 tnx very much dafuq,rare
tnx very much,ashkancr7
Just to say tha Slipknot is the man. Couldn't stop laughing when i saw his picture. Still laughing right now!,bluesmoon
"Quote: Originally Posted by SLip_KnoT Unlike u I haven't claimed to be a ""cracker"" haha Thus says the LORD, ""Let not a wise man boast of his wisdom, and let not the mighty man boast of his might, let not a rich man boast of his riches you are*",unrated
Persian Satan Great Work,multicracker
"Quote: Originally Posted by Plus WTF This is a serious thread. Iv got 50 posts done alot of VIP threads and helped alot in the help section i think im ready for a re-look. And im not too sure about this cracker hlep me with ddfnetwork Unlike u I haven't claimed to be a ""cracker"" haha Thus says the LORD, ""Let not a wise man boast of his wisdom, and let not the mighty man boast of his might, let not a rich man boast of his riches",slip_knot
DT and I were right,rare
"You dont have these things Minimum Requirements to Apply 1.You must have a minimum of 30 Thread count. ""NOT POST COUNT"" 2.Registered for minimum of 1 month. 3.300 reputation or more (some exceptions).",persian
"You dont have these things Minimum Requirements to Apply 1.You must have a minimum of 30 Thread count. ""NOT POST COUNT"" 2.Registered for minimum of 1 month. 3.300 reputation or more (some exceptions).",persian
awwwwww ok :/ can you make my name pink?,plus
You must Post some proofs,persian
dont think 10 threads would get you rank post way more then we will decide,thelightishere
"how many more ? OH i forgot to say , im single lol",plus
"Okey, Post some more threads i will check all your threads and give you a rank",unrated
"Name : Plus Real Name : Jenny smith (optional) Threads you already : View Profile. Contributed to CA What tools you use : Sentry, Dbrute, Apex, theres too many to name. Experience : 5 years . Not all cracking but have an intermediate knowledge of most thing. Forums you are already : NONE (public) working with How many hours you can spend on : Enough lol enough to satisfy everyone quality better than quantity. cracking per day.",plus
check this thread before applying: Apply For Cracker Rank!,thelightishere
"Usernamelus Moderated: I had my own forum with 40 users (private) Reason: Im helpful and experienced in the art of cracking with 5 years experience under my belt.We don't just need more staff members on Crackingarena, we need more DEDICATED staff members on Crackingarena. I will do my job as a Moderator diligently and swiftly. I've been involved with private forums in which we develop PRIVATE programmes (eg C++). Cracked many sites but die to leechers keep it private. Being moderator means i can focus on helping people learn rather than doing the work for them. More posts to come soon.",plus
Wow at the drama haha im a real cracker Hmmm.... Sorry but,slip_knot
Just want to know why are you being so cocky and arrogant after the buddah shit you pulled? Like seriously you are still acting like you are the shit meanwhile you aren't anything but a retard. Come back to reality because this is a friendly place where everyone gets along. So if you don't like it then keep it to yourself or gtfo!,rare
"you were talking about accounts with no credits? and you claim those have many credits? well, we have tons of them. we give respected ranks to people who deserve it. but, Not fake crackers like you. Moderated Message: Application Denied",unrated
"Quote: Originally Posted by Dark TeRRor Well you must respect all staff members here to be a part of our group and you were demoted twice, but you have another chance just post hq passes on VIP section of any kind Post proof ??? we said we didnt have to in the discussion i made. try Google any of my accounts, you will get no hits . I cant believe you guys promote inexperienced people and are refusing to promote me even though iv posted accounts unlike the others, made stickies, and made a cracking tutorial which hardly anyone has done. If you guys dont appropriate my work , then ill c u later.",clique
"All of Applications must be in this form Minimum Requirements to Apply 1.You must have a minimum of 30 Thread count. ""NOT POST COUNT"" 2.Registered for minimum of 1 month. 3.300 reputation or more (some exceptions). 4.No impending infractions during application. 5.Premium account postings must be unique and not leeched. Leeching will result not only in a rejection but a permanent ban. 6.know how to work with Sentry MBA and Cforce 7.know how to make wordlist/combolist/proxylist 8.Also post some screenshots of your work for proof 9.Posted Atleast 5 WORKING Configs If you think you met with above requirements Make a Thread HERE with filling below columns Name : Real Name : (optional) Contact details : (gmail, skype, fb) Threads you already : Contributed to CA What tools you use : Experience : Forums you are already : working with How many hours you can spend on : cracking per day. Best regards, CA Cr3W",persian
"The only reason you were demoted or banned for some days is disrespecting others. No one claims self as ""better than that"" or ""master cracker"" if they really are. i told you it was a root admin who downgrade you and you are calling him dumbass. Man i see why other forums banned you. Change your attitude first, you will get a rank",unrated
plz post some proofs,persian
"Well you must respect all staff members here to be a part of our group and you were demoted twice, but you have another chance just post hq passes on VIP section of any kind",thelightishere
"LOL idk who it was....hahahahahahha...... But idk why you cant upgrade me, im better than 90% of your 'master crackers' who apply when they have only posted one account and are obvious leechers and they aslo post leeched accounts? Proof: Application for cracker.",clique
haha who is it yeah you can post in vip. they just need moderation and depending on your hq passes you will get rank,thelightishere
"kk lol i was upgraded before, a dumbass staff member demoted me because he felt like it",clique
i cant even access vip section. and i have been posting in VIP when i was master cracker.,clique
If you want a rank post some HQ Passes for VIP. not free section,thelightishere
what? i don't understand? Can you reword your statement? www.,clique
Moderated Message: Ok Robot or Buddah Post some for VIP and i or the others will consider,thelightishere
APPLICATION -This application is a proper one unlike the others people have posted. Previously people have applied with one thread. LOL Accounts: /http://www.crackingarena.com/f11/flirt4free-com-vip-9907.htmll /http://www.crackingarena.com/f11/flirt4free-com-vip-9904.htmll /http://www.crackingarena.com/f11/oneliveshow-fr-45min-private-9900.htmll /http://www.crackingarena.com/f11/flirt4free-com-unchecked-9899.htmll /http://www.crackingarena.com/f11/rdp-9902.htmll /http://www.crackingarena.com/f11/elitepvp-5379.htmll /http://www.crackingarena.com/f11/vimeo-5374.htmll /http://www.crackingarena.com/f11/1-x-naked-com-40cred-7154.htmll /http://www.crackingarena.com/f11/filefactory-5377.htmll /http://www.crackingarena.com/f11/rdp-7811.htmll /http://www.crackingarena.com/f11/ijji-5378.htmll /http://www.crackingarena.com/f11/xat-5376.htmll /http://www.crackingarena.com/f11/webhosting-5375.htmll /http://www.crackingarena.com/f11/sky-fighter-9913.htmll /http://www.crackingarena.com/f11/klam4u-net-9912.htmll /http://www.crackingarena.com/f11/invision-virus-com-9911.htmll /http://www.crackingarena.com/f11/extreamcs-9910.htmll /www.crackingarena.com/f11/epiccraftrevolution-iwebs-ws-9909.htmll /http://www.crackingarena.com/f11/http-minecraft-server-eu-index-php-9908.htmll Also crack sqli db and posted accounts in premium section /Tutorial: /http://www.crackingarena.com/f17/apex-tutorial-simple-5396.htmll /http://www.crackingarena.com/f17/simple-crack-rdps-5409.htmll Stickies: Sticky: READ THESE PROXY RULES TO AVOID BAN http://www.crackingarena.com/f7/stic...tion-7157.html,clique
Thanks bro,dirtyangel013
"You're welcome, dirtyangel013",panoramix
Moderated Message: Approved By Errorx0void and By UnraTed too,_2540echo_257Fuw8ecr
"Name : dirtyangel013 Real Name : Shahid Contact details : shahidsark (gmail, skype, fb) Threads you already : http://crackingarena.com/search.php?searchid=23669 Contributed to CA What sites you : Almost everyone can crack What tools you use : Sentry, Cforce, Fast OCR, Accessdiver Experience : Been doing this for almost 2 years Forums you are already : None working with How many hours you can spend on : 7 to 8 atleast cracking per day.",dirtyangel013
accepted. Post some more threads in both platinum area and free accounts section. The quality of threads makes you to get the better rank after your VIP membership ends,unrated
"Name : Kevin Real Name : (optional) Contact details :Neduce(yahoo) (gmail, skype, fb) Threads you already :http://crackingarena.com/f11/ftvmemb...d%5D-5836.html http://crackingarena.com/f11/hustler...d%5D-5835.html What sites you : all pop up login site like sexart,metart,hustler,ftvgirl,pornpros,netflix,hul u,and more can crack What tools you use : sentry mba Experience: 2years Forums you are already:not work How many hours you can spend on : 2 hours cracking per day. 2 site",rnb
Found this INTERESTING?????,clique
Can you make your own configs ?,th3
"Name : MultiCracker Real Name : (optional) Contact details : adnan.rao95 (skype) (gmail, skype, fb) Threads you already : Naked Premium Accs Contributed to CA What sites you : All filehosting, naked.com, bangbros.com, netflix.com can crack What tools you use : sentry mba and updated configs Experience : 5 years Forums you are already : CA, How many hours you can spend on : 5 hours cracking per day.",multicracker
"Hello hucci, Post some accounts first and we will decide by seeing your work",kill3r_cool
"Name :Hucci Real Name : (optional) Contact details :whysodubbie (gmail, skype, fb) Threads you already : Contributed to CA What sites you : I can crack almost any site, including xbox.com,amazon, etc. I cannot do captcha for the sake of my life though lol can crack What tools you use :Sentry Experience :2 years Forums you are already :Just this. working with How many hours you can spend on : Most of the day cracking per day.",hucci
"Ok . keep posting , i will watch you carefully !",_2540echo_257Fuw8ecr
Im posting rite now...u just watch me Unrated,elcapo77
yeah make us realise that you are not a leecher. Good luck!,unrated
"Hmm.. I do get it now, but I still thinks this is a false positive alarm. Anyways, elcapo man dont let me down! Keep sharing..",protorug
Its ok Unrated...i will keep posting my info here in free section until you guys realize that im not a leecher...im a cracker who u can count for here,elcapo77
you post 2 accounts gets 20 accounts from here to post on another forums. anyone can see it by checking all your posts.,unrated
u know what i think?...i think u just not value my info here... But i will still post too hard to get naked.com accs with credits on ur free section... i think the whole point of this forum its sharing rite??,elcapo77
"No vouch , due to leeching Moderated Message: Application Denied",kill3r_cool
You already caught leeching our private stuff to some forums free account section. So Invalid application. no point of applying again,unrated
"I vouch for elcapo77. I don't know him, still I think he's a good cracker. He shared a lot of naked already..",protorug
"Name : elcapo77 Real Name : (optional) Contact details : ncalaho (skype) (gmail, skype, fb) Threads you already : Naked Premium Accs Contributed to CA What sites you : naked.com, bangbros.com, netflix.com can crack What tools you use : sentry mba and updated configs Experience : 5 years Forums you are already : CA, *************, Alboraaq working with How many hours you can spend on : 5 hours cracking per day.",elcapo77
You Must provide this information in your application in order to become a Moderator: 1. What is your username? (i.e. AlienxDz) 2. Why you should be promoted to Moderators? (i.e. type reason to become moderator here) 3. What kind of forum you have Moderated before? (i.e. vbulletin/mybb forums or if this is your first moderator application then ignore this requirement) 4. How you'll help us as a Moderator? 5. How much Posts & Reputation you've got After you submit your Application it'll reviewed by our Admins & Moderators and if all of them agreed to make you Moderator then you'll be Promoted to Moderators Usergroup,_2540echo_257Fuw8ecr
"How Do I Become An Elite Member? It’s easy. CrackingArena is looking for active and contributing members. The main thing is to participate in the forum as much as you can whether it be taking part in the General Discussion or Posting Premium Account in the Elite Members Account Section. The thing we look for the most in an Elite Members is how much they give to the Community. Through this they can earn reputation points. What Are Reputation Points? Reputation Points are earned when a user presses the (+Reputation) button besides your post. This is done when the user feels your post is worthy of recognition. When this button is clicked, 1 reputation points will be added to your profile. Reputation points show the forum how much you have contributed and how valuable you are to our forum. But here are some Minimum requirements to Apply for an Elite Member You must have 30 Posts and this can not be spam like (Thanks, good post etc) Registered for minimum of 1 month. 100 reputation or more (some exceptions). Posted 2 Own Working Configs No impending infractions during application. Premium account postings must be unique and not leeched. Leeching will result not only in a rejection but a permanent ban. To become an Elite Member You need to share your Cracked Premium Accounts on Elite members Accounts (Remember, Everyone can post at Elite Members Accounts) To Apply for Elite Membership you must include this things: Your username (i.e. AlienxDz) Details of What you Contributed To CA Why you think you deserve to be an Elite Member Example of your work (i.e. Screenshots, Links, etc.) Remember, Don't share those accounts which are leeched, Post only your Cracked Accounts",_2540echo_257Fuw8ecr
