flatContent,authorName
"thanks a lot",codyalderton
"thanks for tut",codyalderton
"thanks you bro , i can crack many premium account now",xvirusx
"these are invaluable resources thx!",base
"excellent work, sir!",base
"thanks a billion!",base
"thank you. Ive been contemplating learning this for a while",base
"big thx bro",aj4up
"Well I want to learn a little lets see if it works.",aj4up
"big thx bro",aj4up
"thank you for the post",culo1881
"thank you for the post",culo1881
"Thanks a lot",lafi
"thanks bro",lee2876
"k thnxxxxxxxxxxx a lot",smugcurve13
"Loved it thnks i will try",gnyanesh
"thanks for the tut",sen
"thanks mate",sen
"thanks for the tut",aabee
"Thanks bro",hibaba
"thank you dude!",netincarnate
"Thanks man",marnevin73
"it 's a long way",solocum
"great and thanks again",solocum
"thanks a lot",tiagoti
"thank you master",tiagoti
"thank you hehe",tiagoti
"Thanks for info",botak
"thank you hooray",solocum
"give it to me",solocum
"Thanx bro.....",rzk90223
"Thanks for tut",pypt
"Thanks for tut",pypt
"Thanks a lot for sharing !",mathsraper
thanks.........,zbo50
xxxxxxxxxxxxxxxxxxxxxxx,fomiel
xxxxxxxxxxxxxxxxxxx,fomiel
thxxxxxxxxxxxxxxxxxxx,fomiel
"backdoors like thm",fomiel
"amasing thkx",fomiel
"thanks ...",fblast
"Good share thanks",turkeytalker
"thanks for sharing sir",faisy
"not open link",erfan
"hi tanks share password spical tanks admin....",erfan
"thanks alot",lee2876
tyyyyyyyyyyyyyyy,iamnew
"Â© Disediakan oleh PT. Kompas Cyber MediaAnggy Umbara hadir dalam jumpa pers kompetisi video #HidupTanpaBatas yang digagas oleh PT GO-JEK Indonesia hal-hal kontemporer GO-JEK, Pasaraya Grande, Blok M, Jakarta Selatan, Rabu (2/8/2017).KOMPAS.com/TRI SUSANTO SETIAWAN Kesuksesan film Pengabdi Setan rupanya membawa beban tersendiri bagi sutradara Anggy Umbara. Anggy yang kini sedang menggarap film reboot Suzanna mengaku, ia harus lebih inovatif lagi mengolah jalan cerita agar standarnya melebih film yang dibintangi penyanyi Ayu Laksmi tersebut. "Gue anggap challenge aja. Itu memang harus dihadapin, kalau mau buat yang bagus harus inovatif lagi," kata Anggy saat berbincang dengan Kompas.com di acara Indonesia Comic Con, Jakarta Convention Center (JCC), Sabtu (28/10/2017). "Bikin remake itu tidak hanya meniru, tapi juga harus ada formula atau breakthroug yang baru," sambung dia. Saat ini, kata Anggy, prosesnya masih dalam pra produksi. Yakni, masih dalam pematangan skenario dan proses pencarian pemain. "Masih skenario draft tiga menuju keempat. (Proses casting pemain) Sudah. Tapi masih belum 100 persen. Kandidat sudah ada beberapa yang proses," kata dia. Karena film reboot, Anggy mengatakan tidak sepenuhnya ceritanya nanti dibuat sama dengan film-film yang dibintangi mendiang aktris Suzanna Martha Frederika Van Osch itu. Anggy mengaku nantinya akan memasukkan karakter baru. Penulis: Tri Susanto Setiawan Editor: Bestari Kumala Dewi Hai! teman Ini adalah situs konten dewasa sexybokep.com semoga beruntung menyenangkan",global2016
"very nice thanks",xxammaxx
"very nice thanks",xxammaxx
"thank for sharing.",cupzjayu
"Thanks !",darktimmy
"thanks a lot",piii
"link download https://www.mediafire.com/folder/oea...ncef/Havij_Pro pass 123 visit my blog https://hack-crack9.blogspot.com/",newbe
"link download https://www.mediafire.com/folder/fht...QLi_Dumper_Pro pass 123 visit my blog HACKING CRACKING SECURITY Old versions Sqli Dumper 5.1 Sqli Dumper 7.0 Sqli Dumper 8.0 Sqli Dumper 8.2 Sqli Dumper 8.5 Sqli Dumper 9.2 Sqli Dumper 9.2.1 link 1:https://www.mediafire.com/folder/m4i...QLi_Dumper_Pro pass hacknho link 2 : https://www.mediafire.com/folder/ys1...qli_Dumper_Pro pass hacknho",newbe
"Ever wanted to learn how to hack a shop for data? or to hack a major cooperation's website and deface it with your own Tag just for an ego boast? Ever wanted to learn SQL injections? Or maybe you wanted to learn how to harvest a powerful Botnet? If the little voice in your head is answering or even screaming YES! Then welcome to the Mass Hack Hacker School! We teach complete subject areas not just a brief introduction. By the time you read through our eBooks and talk to our support teachers you will go from Special Needs disabled drooling hackers to Professor Grade A+ geniuses. Guaranteed. Our teaching covers: - Full Scope Hacking - From PHP scripting, Coding/ Programming, SQL injection, Vulnerability sourcing. - Botnet Harvesting - Virus/ Malicious software delivery methods - Social Engineering methods and how to use it when hacking Price: $500 Includes: - 90 Page EBook - 1 Year Support (answering all your questions and problem solving with you in real time) - Quick Start hacking package including scripts, software, hack able website list (to practice on) We guarantee to make you a real hacker By the time you are finished teaching you will never have to pay for data again because you will simply be able to hack it! That's a guarantee. I only accept payment: Bitcoins (BTC) Attention! After update next 24 hours I sell only via Email and ICQ (95% valid). I sell via Email and ICQ - ICQ : 671409217 - Y!H : maclini189@yahoo.com",linkmybase
"thx man!!!!",s3cure
"Never tried this will be my first time.",hiroshime
"thank you man",ibrahim_kamal
"thank u man",ibrahim_kamal
"thanks man",ibrahim_kamal
"Thank you very much",predator55
"thank youuu",am2017
"thanks so much",hasan13
"thanks bro",index102
"thanks babe ",ieatass
"thanks a lot",joel
"thank you sir",nima
"thank you sir",nima
tyyyyyyyyyyyy,micheal222
tyyyyyyyyyyyyyy,micheal222
tyyyyyyy,micheal222
ty,micheal222
"thank you for dat effort",leruzal
ssssssssssssssssssssssss,581577
"thanks brother !",sandu87
thxxxxxxxxxxxxxxx,tunama
"awesome bro",tunama
"awesome bro",tunama
"thank you",egy_coder
...............,aminba
........................,aminba
"thanks for passs",brochachi1234
thankssssssss,egy_coder
"thanks uuuuu",egy_coder
"pretty sure i got the files for this so im just here for the tutorial",electrocircuit
"Hey Guys, Glad to be a new member within the community. I Usually kick things off with a few combo releases or a Private Custom config when joining a new community forum , But I've been swamped lately with other Activities. Best I can do is give You all this amazing checker I've been using for Amazon. Hardly hits any error/captchas compared to other tools around right now. This is NOT My tool, I just Use it (I Have Paid Version) IF you like the tool, Support the creator by buying. Free Download: Download Amazon Multi Checker v1.0.0.1.zip from Sendspace.com - send big files the easy way",electrocircuit
"Many thanks.",nf6gs3s3tf4ze1
"Many thanks.",nf6gs3s3tf4ze1
"Thanks, man.",piri
mmmmmmmmmmmmmmmmmmmmmmm,686755fa
"thanks for this dude",boboli89
"thanks man this is good",boboli89
"thanks for the info!",boboli89
"thanks a lot for this",caifax01
"thanks a lot for share.",caifax01
"SQLi Dumper All Full Version 9.2.1,9.2,8.5,8.2,8.0,7.0,5.1 Full Crack Sqli Dumper 5.1 Sqli Dumper 7.0 Sqli Dumper 8.0 Sqli Dumper 8.2 Sqli Dumper 8.5 Sqli Dumper 9.2 Sqli Dumper 9.2.1 link 1: https://www.mediafire.com/folder/m4i...QLi_Dumper_Pro link 2 : https://www.mediafire.com/folder/ys1...qli_Dumper_Pro visit my blog https://hack-crack9.blogspot.com/",newbe
meerciiiiiiiiiiiiiiii,jahmoum
"i will try this out thanks bro",buttpee1200
"merciiiiiiiiiiiiiiiiiiiiiiiiiiiiiiiiiiiiiiiiiiiiii iiiiiiiiiiiiiiiiiiii",debaferou
"Tools well , thank you a lot",bocayroi1
"thanks mate",ifgo44
"thanks bro",lalmanjhon
"thanks alot",chubz
thanksssss,bobjfsbfglsk
"wooooow let me see this",ale_boneau
"tnx bro.love it",arka66
"Thank u for the key i grateful to you",matloob
"thanks for this..",kush1099
"Thanks bro",dlachi
"Thanks bro",quags
"tHanks bro",quags
"thanks for the post",bugga24
"Merci mecMerci mec",realzidane
"thanks a lot",conte_orlando
"thanks a lot",conte_orlando
"thanks a lot",conte_orlando
"thanks a lot",conte_orlando
"thanks again",wbcbbb
"Thanks man",piri
"Thanks pal",piri
ssssssssssssssss,581577
"Thank you!",pepe2323
"Thanks, bro! I hope to learn something. Cheers!",pepe2323
"thanks for this",
"Thanks man",melshahat20
"lettts tryyyyyyyy",yoyodz99
"thank you a lot",cvbnm
"thank you a lot for the tutorial",cvbnm
"will check out this method. Thanks for sharing",grabem
"thanks bro",th3dead
"thaaaaaaaaanks man",wolf
"thaaaaaaaaanks man",wolf
"thaaaaaaaaanks man",wolf
"thaaaaaaaaanks man",wolf
"thaaaaaaaaanks man",wolf
"thaaaaaaaaanks man",wolf
"thanks you very much",souimar
"thanks very much",souimar
"Nice thank you",tweak
"Very nice thanks",tweak
"Thank you men",tweak
"thank you so much",bailamos
"thank you very much",tweak
"Awesome tutorial thank you so much man!",silverlsx
"thanx nice for this",imadh6
"very interesting",3407313
thanxxxxxxxxxxxxx,warll
"thansk brorther",sandu87
fdhdfhdfjhdfhdfh,okba02
"thanks a lot",ahmedgo99
"thanks very much",aboyaseen
"thank u so much bro your my hero",locousekingrevised
"Awesome thanks so much",thefagkkkunt
"many thanks man",houwagalo
"gooog ?????",al7otksa
"many thanks",melshahat20
gggggggggggghjqgjbzs,redawacc
"Thank you very much",danielroludo
"o will try this",lemon5g
"i hope it works",lemon5g
"nice post thanks",lemon5g
"this is a weird system",rudammeredez
"thanks you",serdar179
"thank you bro",realzidane
"thank you bro",realzidane
"thanx you pro",simocrm
niiiiiiiiiiiiiiiiiiiiiiiiiiiiiiiiiiiiiiiiiiiice,warll
gooooooooooooooooooood,warll
nnnnnnnnnnnnnnnnnnnnn,warll
"thanks for this info.",caifax
"great share man , ty.",caifax
"thank you very much for the info",caifax
"thanks a for this info .",caifax
"That is awesome",berlain84
"thanks man good work keep it",mostfashash
"Echo uw8ecR thanks",meliodaf
"thanks friend",meliodaf
goooooooooood,swizz400
"Thank you.",idgaf
"Quote: Originally Posted by n3vermind Hello again.. I assume you already got basics. If not than first take a look here How to crack your first site & make your config - CrackingArena -Cracking Forum, Cracking Downloads, Cracking Tutorials, Premium Accounts. In this tutorial I will show you how to crack form filehosting site (of course it's useful for porn sites also expecially cam ones ), filter accounts and capture date with Sentry MBA. Site will be novafile.com classic form site. Now go to site's members login page, type in random wrong username and password and click "Login", than copy you source failure key *** hidden content *** and add it in sentry *** hidden content *** This is form site so go to "HTTP Header" tab and tick MW or POST than click to configure it *** hidden content *** Now in POST wizard click "Analyze Login Page" and click "Use Data" *** hidden content *** Load proxies and wordlist and cracking can begin, ok now i got few links to check in my "To Check" tab. This one is obviously free account coz it offers you to buy premium *** hidden content *** but this one offers you to extend so it seems to me that this is premium one *** hidden content *** now you can use this as success key *** hidden content *** you also want to capture date to see for each one when it expires so after a while go ahead and log in to one of the premium ones right click "View Page Source", sellect all and copy it. Now go to sentry and open POST Wizard again, find "Keywords Capture Stage", enable it and click to configure it *** hidden content *** now paste premium account page source here and search for date *** hidden content *** You can enter Field Name "Date" *** hidden content *** When u find it hold left ctrl and shift together and select it so you get you Left and Right String automatically, click on "Update" and than "Use Data" *** hidden content *** So lets take a look at "Hits" *** hidden content *** all of free accounts are in "To Check" tab but if u dont want them just add source failure key for example *** hidden content *** do not change username and pass coz it will be reported, account will die and might also get u into trouble",alssrrab1
thxxxxxx,alssrrab1
"Thank you",noyork11
"Thank you very much! Great job!",holyo
"Thanks man",noyork11
"thanks man i need it",mostfashash
"tnakl you my man",cowkiemon
"thank you for the post",cowkiemon
goioosssddd,cowkiemon
"Thanks Broo",hodapharaoh
"thank's a lot for sharing",emasah
goooooooooood,a55a
"Thanks gooooooooood",a55a
goooooooooooooooooooooooooooooooood,a55a
"thanks for sharing",dedosy
"thank you so much",bryan1982
"thank yoou",jokerking
"thanks share",habdou
"Quote: Originally Posted by @Echo uw8ecR What is a config ? why do we need it for cracking? Config is Configration file wich tells Bruteforcer to what to do! How to get Configs ? Simple use CrackingArena.com *** hidden content *** merciiiiiiiiiiiii",mimotn
"thanks for this",alpha
"thanks for your efforts",alpha
"thanks for sharing",alpha
thanxxxxxxxxxxx,jsjose1994
"thank you men",ali999999999
"thank you men",ali999999999
"thank you men",ali999999999
"[QUOTE=@Echo uw8ecR;364472]*** hidden content ***[thanksssssssssssssss",mimotn
whaaaaaaaaaaaat.......,gamer
"Thanks so much",maziney
"THANKS BRO",bohasanen
"thanks man",mrezaa73
"thanks man",mrezaa73
"cheers bto",pools28
"thank you!!",meliodaf
"thank you for this",bboy123
gggggggggggggggggg,mrxc0der
"thanks u for that",dragon_hen
hihoaaaaaaaaaa,pobuze
"thanks mann",juzztin12
"hgvfhjfgjhgjhg hjgjhghjgjhg hgjhgjhgjhgj",berazeteguenze565
"ghjgjhgjhgjhg hjgjhgjhgjhg jhgjhgjhgjhgjh",berazeteguenze565
"hgjhgbjhg jhgjhgjhgjh gjhgjhgjh",berazeteguenze565
"kjkjkljlkj kljkljkljlkjkljlkjkljlkjlk hjkhkjhkjh",berazeteguenze565
"nmbmnb nmbmnb mbnbmb",berazeteguenze565
"great work buddy",ndi55
"thank you bro",wajih05
"wow wow thanks",perosi
"Many thanks.",nadjasslave
"Thank you Persian Satan.",vesp
"thank you very much",cbv4life
"thank ya for that",cbv4life
"merci pour ce video",cbv4life
"Thank you very much for this",myths
"thanks dude",johnluke12
"Thank you. Much appreciated.",mikeyburg
"thanks for sharing",pallooro44
"Thanks a lot",kingcrack16
thanksssssssssssss,pipo666
"You do not have sufficient rights to see the hidden data contained here.",blade2386
thanksssssssssss,pipo666
"thank yuuuu",gainupp
"thankss dude",azizwardi
"thanks man",azizwardi
https://www.youtube.com/watch?v=VAREVhYhXrE,crazycarter
"Thancks you",kcdq
"thanks maan",azizwardi
"Thanks for sharing",mriyad
"bro thanxxx",realzidane
"Thanks bro its realy good",ali508
"thanks man, learning",lonestranger
"thanks, will report back on this",sonic_zero
"thanks for sharing",yosri
"thanks for info",yosri
"thanks man let's see this",zoufat
"thank you bro . super",khaleddji
"I would like to see this, thanks.",khaleddji
"new method perhaps??",buttpee1200
"thank you very much",ogpoi
"good thnx.............................................. ..................",mimo21
"خیلی ممنون",poniso
"awson man tnx",poniso
"thanks for sharing",ermac11
"thanks man",delfidz
thanksssssssssss,n1n2
thanksssssssssss,n1n2
"thanks for sharing bro.",georgdimitrov
"thanks good stuff",bingoplayer7
"Quote: Originally Posted by guardian this thread will be updated by our staff team depending on the needs, and it's the only thread which we approve for the newbies who join our board *** hidden content *** respects, ca staff i just hope that this will help me",frojd
dfvcxccccccccccccc,mora
Tnxxxxxxxxxxxxxx,resdacim
"Hoping this helps me out",zack45
"tnx bro",hehgides2014
"Ok, let me see.",case
"i would like to learn ! please thanks",cyberxjimy
"A big thanks !",hajaminagha
"thank you very much for the information",sinceyourgone
"thanks man",nissan300zx
"thanks for the information",benten675
"thanks man",yessire
"Thank you bro you i hope you will help me out",painkiller
"thank you very much",freemason
"Thank you!!!",cyberbob1975
thankssssssss,pipo666
"cheers thanx,",kinetiknrg87
"thanks bro",johnx2012x
"Thanks for sharing tutorials !",madon8xx
mmmmmmmmmmmmmmmmm,youssefarabi
"thank youuuu",matthew
"thanks a ton",iusemyleft
"pretty nice tutorial",an0nym
"let me see thanks...",tilo
"let me see thanks",tilo
thanxxxxxxxxxxxxxxxxxxx,fuggaford
"thank you !!!",brokolee
"Thanks you man!!!!!",mohamedelmohandes
"thanks bro",mkfldri
"thanks dude",honcool
"thanks Quote: Originally Posted by Guardian This thread will be updated by our staff team depending on the needs, and it's the only thread which we approve for the newbies who join our board *** hidden content *** Respects, CA Staff",ghosthenry
"thanks very effort",baha1005
"Thanks allot.",silvercrest654
"Thank you so much!",sevensinnners
"Going to give this a try, thanks",cosmicoxyrocin
"thank you very much mate",dilber
"Thank you sur.",devil
*:**:**:**:*,argoondbrown
"thaaaaaaaaanks man",mbsbinfo
"thank you so much",mbsbinfo
"Will try thx",mbsbinfo
aaaaaaaaaaaaaaaaaaaaaaaaaaaaaa,siyahbeyaz35
"thank you!",h0nki
"thanks adminio",weststr
sdaaasaasda,madmax03
"Thank you greatly!",cazman405
tnxxxxxxxxxxxxxxxxxxxxxxxx,ebeliejinfren
"thx bro!!!",alexfallout
"thanks for the help",brndg44
"Thx staff",aranhaman007
"Thx you boy",aranhaman007
"Quote: Originally Posted by Guardian This thread will be updated by our staff team depending on the needs, and it's the only thread which we approve for the newbies who join our board *** hidden content *** Respects, CA Staff Hopefully this helps me.",alonso
"too well",eshloonak
"thanks for the tutorial!",crau123
"thanks for sharing",ddmm
"thaaaaaaaaanks man",or96um
Thanksssss,or96um
"thank you so much",iii
"thanks babe",miniman9854
"thank you. looking forward to the tutorial",inkbird
"thanks for this mate! hope it will be helpful.",deltaa
"thanks for sharing!",deltaa
"thanks for sharing",ijerk
"thanks for sharing",ijerk
"Thank you, bro",arhavin05
"many thanks",umair
"ok lets see",radule97
niceeeeeeeeeeeeeeeeeeee,ic3
"thanx thanx thanx",jokamer
"thank for the tutorial",rashid1996
"thanks for the post",rashid1996
"thanks man",rashid1996
"very very good",ic3
thanksssssssss,krishhv
"thank you!!!!",icabo
"Thanks !!!",madon8xx
"Thanks for sharing this info.",cracking
"thankssssss !!!",maydou78
"thanks mate",pa6o6
"thank you for tut..",barukoru
"thanks alot bro",evanthomashicks
"not working for this bro",kosemadaret
"thanks a lot",wallgrom
"thanks for shared",akcent
"thank you bro",lincolm
"Certified Ethical Hacker (CEH) v8 Course + Lab Manual The goal of this course is to help students master an ethical hacking methodology that can be used in a penetration testing or ethical hacking situation. You walk out the door with hacking skills that are in high demand, as well as the internationally recognized Certified Ethical Hacker v8 certification! Topics Covered========== 1. Introduction to Ethical Hacking 2. Footprinting and Reconnaissance 3. Scanning Networks 4. Enumeration 5. System Hacking 6. Trojans and Backdoors 7. Viruses and Worms 8. Sniffers 9. Social Engineering 10.Denial of Service 11.Session Hijacking 12.Hacking Webservers 13.Hacking Web Applications 14.SQL Injection 15.Hacking Wireless Networks 16.Hacking Mobile Platforms 17.Evading IDS, Firewalls and Honeypots 18.Buffer Overflows 19.Cryptography 20.Penetration Testing for more help contact me yahoo:kbksrb@ymail.com skype:kbksrb Code: http://pastebin.com/czpU4HiJ",bilalkhanicom
"How to Crack SMTP 100% Working So How can we hack SMTPs ??? Requirments : 1:Root SSH or u can use Linux Centos 5.5 or other 2:Bitvise SSH client 3: scanner Download links ========== Start 1 Download and Install Bitvise SSH Client 2 Open Bitvise SSH client and and Enter your root User and Pass in login area like this !! 3 Upload "Scanner.zip" Any Shell or DropBox How to Upload your Scanner in Root 1 Type the Command In Root Shell "wget http://www.yourscanner.com/scanner.zip" hit Enter , Your scanner is uploaded 100% ,Like this !!! How to Extract Zip file in Root SSH 1 Enter this Command in Your Root Shell "unzip Yourfile.zip" MY file name is "Scanner.zip" So i type "unzip Scanner.zip" Scanner.zip is Extracted !! 2 Now Type this Command "cd scanner" 3 Now we Give it Permision to Run in Root Shell type this Command " chmod 777 * " 4 Then we Going to Run Our Scanner !! Type this command " ./start 209.252 " hit enter our Scanner is running on . Leave it 2 hours 5 209.252 is the ip range , u can type there any ip ,but remember ,put just 2 Starting range !! and u can easily get ips from here 6 this Section Shows that Fonud Ips Founded ips Minimum 300 required so Your Scanner working Well !! Check Result After 2 Hours 1 Logout Root SSH ,And Again login and type "cd scanner" after this type "cat vuln.txt" this Command is Bring your Result or Crack Smtps, if they have been crack then !! Otherwise it shows blank ! for ssh scanning and cracking tools get free send private msg for more help contact me yahoo:kbksrb@ymail.com skype:kbksrb",bilalkhanicom
"thanks for the share",jacobo450
"thanks for post",jim2heg9
"Thanks, i'll try it",thelonewolf
"Thank You Man",minglepringle
"Thank you!",glorp
"Thank you!",joykilla00
"Let's see, thanks matey!!",solid_freak
"thank you for tut..",solid_freak
"thanks thanks",exped
"thank you!!!",pepe2004545
"thank you so much",sunhai
thanks...........,bittoo66
"thanks mate",pallooro44
"thanks mate",pallooro44
"Cheers buddy",ob35se
"Thanks for tutorial.",untouchable
Thanksssss,lomi
"thank you for the lesson",t3chdzn
"Let's see, thanks matey!!",poppyseedz
"thanks dude",johnluke12
"thanks mate",johnluke12
"You can easily make 8$ from a site daily, and it requires only around 10-30 minutes of your daily time. 1) Register here: CLICK ME 2)Complete your daily Checklist Bonus (in your profile) 3)Then goto surveys and you should see tons of surveys, i found one survey which gave me 5$ also normally each survey pays around 1$ and takes 5-10 minutes each. 4)Earn extra by clicking the ptc sites. I earned 7.63$ in one day, first day of register. Minimum payout: 6-8$ If you dont have a account make one Here Proof this is what i earned today:",nisva
"thanks bro keep it up",denisben
"Don't know how else to start, so I'll start with FAQ about this tool: What is UniBot? - UniBot is an unique program that is used for quick and easy creation of online bots, without knowledge of any programming language and without any torment from designing GUI. It can be found here: UniBot v1.0 (released!) | MikiSoft's Blog (Virus scan) For what is it actually used? - You can create whatever thing comes to your mind, but most of it are some simple bots on which you will substantially lose time creating it in some IDE. Does that mean I can create any type of bot? - Yes, if you are skilled enough. You can create for example bots for voting or commenting, or you can make some bot that will rip out specific content from pages on some site, etc. I have opened the program and nothing seems to be clear to me. - That's why I decided to make this tutorial because interface of the program looks complicated, but once you begin to understand everything that I have presented in the following, it should be much clearer (at least I hope so). So, let's start... --- User interface --- As you have seen if you've already downloaded and run the program, the interface may seem a little hard to understand, but don't be afraid. The following picture should cover most of the things that you'll need to know: index - each index contains of one HTTP request (GET or POST) or solving logical statements (If-Then) strings - that is data which is gathered before or after the execution of the request, depending on where the string is actually used (on this topic I'll write most because it's very important to know) If clauses - a place to test strings if they meet certain conditions, and on that basis to decide what next to do (ie. which is next index or to stop the execution of the process) results - a place where the string results are shown (if that is enabled in their options) --- Indexes --- Like I said, indexes must contain at least one request or logical statement for solving. We'll focus on the first. As you know, the definition of each Internet bot is to assemble and send a specific HTTP requests, in order to achieve a specific goal. So in this program there are indexes, that present a separate templates of certain requests by which program is headed. As can be seen, each index can have a name for easier orientation. To complete the formation of an HTTP request, there are two important items: POST data and additional headers, which are starting to appear mostly from the second request by gathering the results of the strings. Don't be confused because I only mention HTTP requests - HTTPS is supported, too. --- Strings --- This is the key point of the program, so you should pay special attention in order to learn to make bots after finishing this. We'll begin with the facts: - strings usually occur after execution of the first request - each string should contain at least one command - command that determines what will be the result must be valid and in accordance with the request that was previously sent - most of the strings are essential for the continuation of the process - they're executed depending on where they are used - before or after sending request - their usage is %name% (where "name" is the name of the string) - the string will not be executed if it isn't public and if there is no place in the index where it is used If you understand this then we go into analysis of a string that contains one command: Code: 'Hey!'+rpl('Hello, world!','world','Miki') Now let's analyze its parts: 'Hey!' - everything that is under normal apostrophe represents a constant, and this constant is located at the beginning of the string so that will be the first thing printed into it + - character for merging command with constant, or with another command rpl('Hello, world!','world','Miki') - it can be assumed that this is the command for replacing specific text, so in this case in the text "Hello, world!" it replaces the "world" with "Miki" The overall result would be: Quote: Hey!Hello, Miki! These are actually some of the most basic things you need to know if you want to go into the world of programming, but I wouldn't call this real programming because you must know a lot more than working with strings. Anyway, moving on... If you haven't heard of regular expressions, then you should first look at them because they are very important for the formation of the string result. I will not talk about that, because you have a lot of examples and explanations all over the Internet. The basic command for executing them (which looks like previous) is as follows: Code: rg(source,regex,replacement) Example: Code: rg('Hey!Hello, Miki!',', (.*?)!','$1') Result: Quote: Miki Independent commands: These are commands that are processed even if they're located in the constants ie. under apostrophes. First and most important command is: [src] In its place there will be a complete page source (after completing request of course), with response headers at the beginning. Second important command is: [nl] Considering that the commands and the constants are written only in one line, I had to find a way to print the constants in multiple lines, so in place of this command a new line separator will be printed. Third: [rnd] In its place will be put random generated characters (upper and/or lower case letters, numbers and symbols), or a number from a given range. To determine the range of characters that will be included, between the last letter and ] you have to add some of these letters: U - since the default setting is to include only lowercase letters, this command specifies that only uppercase letters are considered M - mixed-case: mixed uppercase and lowercase letters L - includes only letters D - includes only numbers S - includes only symbols The last three letters that define a range of characters can be combined, so we have the following example to generate random email addresses: Quote: '[rndLD]@gmail.com' Result would be: Quote: 6g4fog9bdl1fajn@gmail.com As you can see, there is a default number of characters to be printed, and it's 15. To change this, again at the end we add number of characters that we want to be printed: Quote: '[rndLD8]@gmail.com' Result: Quote: q6pxd1hp@gmail.com As I mentioned above, there is another thing about this command - and that is to generate a random number from the specified range. Its usage is very simple: Code: '[rnd5-10]' Obviously, this will generate some number between 5 and 10. Fourth: [inp] In the place of this command will be the user input, which usage is equivalent to the command above (except the U and M letters that are unnecessary in this case), so I will not say anything more about this. String options: After defining the string, the button next to it ("...") will be enabled which represent the options for that string. Click on it to get the following little window, where we choose which options will be used: Crucial - it is important for the continuation of the process Public - it is available in the other indexes for modification and usage Array - after processing the string, if more than one result occurs (when using regex or input), this option applies the template to each of them separately (by making sub-threads), but if the option is disabled then only the first result is used Output - this is the option that will show the string results in the main window --- If clauses --- The next are If clauses, which of course are not required if there is an HTTP request in a given index. If both are included, then the request will be executed first with all the strings that are with it, and then the If clauses with its strings. (After that the public strings that haven't been put in the HTTP request nor the If clauses will be executed.) It is a simple principle of making them, so everyone could understand it without explanation (even better if he knows the mathematical logic, ie. the basics of programming). What I will mention is the operation depending on the results of an entire If clause, which will of course be one of the two possible outcomes - in the case where the If clause is true and the case where it is false. In the both cases, the options are the same. We see on the right side option "Change proxy" - if the seconds to wait are not defined, it changes current to the next proxy address before proceeding to the next index ("Go to") or finishing process ("Finish"). If there is no available proxy address and the seconds are defined, then the process will not be stopped because seconds to wait will be chosen as alternative. And that's it. --- Additional stuff --- Removing indexes: You don't have to manually modify configuration file to delete indexes, instead of that do this: 1. If a given index contains only a request, then delete the URL field and you will be asked whether you want to delete the entire index. 2. If a given index contains only an If clause, then delete it. If it contains more than one, in the very first field type [clear] and hit Enter. 3. If a given index contains both, then use ways from above to delete them. Proxy and thread settings: Same proxy for each thread - every thread will act independently with a proxy list Do not retry with another proxy - do not retry request if proxy is bad Other (dependent) string commands: u(text) - converts the text to uppercase l(text) - converts the text to lowercase b64(text) - encrypts the text with Base64 md5(text) - encrypts the text with MD5 - loads the given file as text (by positioning to the folder where is the program itself) multipart/form-data POST requests with files: Code: POST /?action=analyze HTTP/1.1 Host: samplesite.org Content-Type: multipart/form-data; boundary=------280841152422961 Content-Length: 6818 ------280841152422961 Content-Disposition: form-data; name="DataType" file ------280841152422961 Content-Disposition: form-data; name="ImageFile"; filename="picture.jpg" Content-Type: image/jpeg ÿØÿà(...) For the request above, we type this into the Post field: Code: ['DataType':'file';'ImageFile': ] String builder: In the field for entering string commands, (if it's not blank then before everything) type [build] and hit Enter. --- The finish --- That's all? Well, it's not! I didn't talk about some less important things which will only additionally "overload" this tutorial, so you have to explore it by yourself if you are really interested. Maybe you'll find something unexpected...",mikisoft
"thanks dude",johnluke12
"thank you for tut..",nmuzic
"Let's see how to crack password hashes You do not have sufficient rights to see the hidden data contained here.",dwjeo
"thank you so mych",elgato1000
"thank you man lets see",elgato1000
"thank you man lets see",elgato1000
"Thank you very much",spencer123
"Thanks mate",mojo
"thanks alot",xrahitel
"Does it work?",zlatomir9
"well done man",omsu111
"thnak you bri",omsu111
"ty for the share mate",adamj1998
"thank you...........",crackcode
"goooood jobb",pepeur
"Good job bro !!",miliosek
"thanks alot bruhh",matrix
"thanks man.......",birimbau
"thank you.",miguel5
"Many thanks for this",bischerotto
"Thanks a lot",calahan
"muchas gracias.",bengi5
"Thank you!",p
"thanks, but you can write 3,4 or 5 month in search engine and it always leech Combos from 1 or 2 years ago, so i think that engine changing make no big sense...",schweinetochter
"many thanks",schweinetochter
"thx alot man go on",ahmed_salah1408
"thanks for sharing",antiquit
"Thanks alot bro",beatz
"thanks dudeee",legen_dary
"thanks dudeee",legen_dary
"thanks dudeee",legen_dary
"thank you man",marlon221
"thank you man",marlon221
"thanks you",nickshe89
"thanks you",nickshe89
"thanks a lot",daddyjoka
"thanks for the info",tharris53
"thanks for all the great work",lindes11
"thanks for the upload",gazzas
"awesome. thanks.",saber
"thanks so much",saber
"thanks a lot",affenson
"a .",moshi1376
"Thanks bro",killahoe
"thanks for this",hujoczita
"Can Someone explain with a video how could crack Websites :3 Any website such as Turbobit or Mediafire / Brazzers / would prefer Origin and steam too Hope someone helps thanks )",elbably2
Niiiiiiiiice,elbably2
thanksssssssssss,sajad379
"thanks i need",belfast21
"thanks mate",novazze
thankssssssssssssssssssssss,mohmmedsalah91
"thanks for sharing",rekttought
"thanks mate",novazze
"thanks man a lot",novazze
"Thanks for info",hungthuy
"thank you man",colliermodz
"Thank you, Sir!",ind
Mmmmmmmmmmmm,ac1d
"thanks dude",prohunterpaul
"thanks mate",lucasmatthysse
"thank you so much",lualu
"Thanks broooawadad",terezord
thanksssss,belfast21
"Quote: Originally Posted by jemms Thanks man Thanks a lot",jamm
"thank you vm",colbert6
"if u guys need help with anything pm me",locouseking69
"Thank you !",kikoolulu
"Thank you !",kikoolulu
"thanks a lot man",mmw
"THANKS,i really want !",jimyxwork
"thanks for sharing this",lindes11
"ty for this my friend",aidan
"lets try dude what happen",drana
"Hoping this helps me out",a
"many thanks",jjsmith2945
"thanks for your work",flappie3
"Thank's for sharing,",net375
"thank you much needed",none_dz
"Thanks Man Very Match About This Tutorial",amrelmoghazy
"Hello, im selling some Banc Accounts online banking, lookin for Btc, contact me if you are interested .. ICQ 672405506",micc
"This should be interesting.thank you",sollaris
"thanks very much",westy27
thannnnnnnnnnnnnnnnnnnnnnnnnnnnnnnnnnnnnnnnnnks,amrelmoghazy
thankssssssssss,aurix1
thankssssssssss,boxgameing3
"Quote: Originally Posted by Guardian All your proxy needs shall be covered in this tutorial *** hidden content *** ENJOY!! Cheers gracias por el aporte",usbjosema
"Quote: Originally Posted by Guardian This thread will be updated by our staff team depending on the needs, and it's the only thread which we approve for the newbies who join our board *** hidden content *** Respects, CA Staff gracias por el aporte",usbjosema
"thanks ;DDDDD",repstyle
"allright thnx alot",repstyle
"thanks a lot !!!",lucasmatthysse
"Thank you very much.",solopernoi
"Thank you!",zrogg
Goooooooooooooooood,ameer4
"thank you",nedeljkoxd
"Quick tutorial -Load proxies MAKE SURE THEY ARE TESTED FIRST! -Load combos or username/password files -Hit start -(Everything has to be .txt) yes, it is that simple Make sure you use good combos for the programme. PM ME FOR ANY HELP",igetby
"thanks man",carlshay
"gracia buddy",sinners
"[INDENT][/INDENT:sSig_yeahri ght:]",mohandissam
"thanks a lot",alonzo44
"thanks bunches dude",alonzo44
"thank you much man",alonzo44
......................,hami5673
"thanks for the share",flamind
"thanxxx bro",cactus
Thanxxxxxxxxxxxxxxxxx,himan
"Hi everyone,can anyone help me i want to get origin combolist with ezleecher,but i need sites for that Can anyone be good to give me sites?",trjmznn
"THank you bro",nitrozzz
"thanks for this dude",snapple
"thanks man this is good",snapple
"Hello Mates, I found this method by contacting this guy on this forum, I thought I might share this. What it does is basicly you register one account and use the discribed technique for good income & free money on bitcoins, no user interaction needed. Checkout here : {HOT} Bitcoin Stealer - Now Make Thousand Of Money Easily - BiT'S HACK Thanks and just let this bot be on of your side bots to Make much USD!",mineyourwayhome
"thanks for sharing",rock
"thanks i need",anasmohammed
"thanks for this",rnb
"thanks a lot",westy27
"awesome. thanks.",imaghost
thanskdjsfaaf,wade
"thanks share",birdhouse
"I love you",onlykl
"thanks i need",vuushin
"Please reupload again this link Download mor Crawler rar Access Denied. Sorry, Uptobox.com is not available in your country.",rnb
"All your proxy needs shall be covered in this tutorial You do not have sufficient rights to see the hidden data contained here. ENJOY!! Cheers",guardian
"This thread will be updated by our staff team depending on the needs, and it's the only thread which we approve for the newbies who join our board You do not have sufficient rights to see the hidden data contained here. Respects, CA Staff",guardian
"thanks ^^",dragonlich
"thanks very much",westy27
"Thank you!",crackerpol
Thanks,4lluri
"thank you dude",zouzou12
"thank you!",zendar
"Thank you!",kbj1
"thank you!!",candy
"Fresh dumps. Instant delivery - high valid rate.. USA , EUROPE , CANADA , ASIA USA CLASSIC/STANDART......................................$25 GOLD/PLATINUM.........................................$ 25 SIGN/CORP/BUSS/WORLD/PURCHASE.........................$30 DISCO............................................. ....$30 ****.............................................. ....$20 EU CLASSIC/STANDART......................................$30 GOLD/PLATINUM.........................................$ 30 SIGN/CORP/BUSS/WORLD/PURCHASE.........................$50 DISCO............................................. ....$35 ****.............................................. ....$30 Canada-fresh **** Classic 40$ **** Gold / Platinum / Business / Signature 40$ ********** Canada 40$ Amx 30$ ASIA - 25$ Every order bonus Instant Delivery Over 9k bins Payment: WU - WESTERN OUNION Btc - BITCOIN More 50, individual price for every costomer. RULES AND CONDITIONS OF SALE ------------------------------------- NO FREE DUMPS PERIOD NO DUMPS WITH PIN NEVER HIT ME UP IF YOU KNOW THAT YOU ARE NOT READY DEALS WITH ONLY DUMPS NO CASHIERS !!! NO TIME WASTING Contact ICQ :695439114 Terms of work: Dumps will be send to you immediately after receive your payment. I replace declined dump if you get decline/pickup/stolen in store. Replaced within 24 hours of purchase",c3ol3c0ccxco
thanxxxxxxxxxxxxx,malangusha
tyvmm,azumijp
"thanks very much",westy27
"Thganks for shareeeeeeeeee",kingbugti
"Thanks! Ill try this",michaelm
"Thanks Man",aleksandar023
"Thanks a lot",oamamm
"thanks a lot",crack
"thx a lot.....",freddykruegers
"Thank you very much!",sneakbo
"A big thanks !",othmanemad
thanks!!!!!!!!,greginglis7
replying123,renegadewolf
"thanks dude",wetdrip
"Thanks for sharing",sevenbee1102
"Dogenymous, thanks for the tutorial!",sand0kun
"Thanks for your work",masdark
"This is nice. Thanks",i7_core
"thanks a lot",blueblak
"thanks a lot!",mrdanial
"thanks a lot",mrdanial
"thanks a lot",mrdanial
Thanks.....,slyvers
"thanks for this",duy_tan0207
"thanks a lot",mrdanial
thanksmate,johnnybing
"There is a program called Origin brute/checker 3.3 by bax77 .It brute origin accounts and also check them! Hope i helped,if i did leave a thx.",respectn
Thankssssssssssss,kakerrrrr
"Thanks man",cobaye
"Thank you bro!!",dante46
"many, many thanks again",neddles1997
"thanks alot",lukewolf
"thnx bro !!!!!",cajerimi
"thanks dude",lukewolf
"thanks man",angeldon
thnxxxxxxxxxxxxxxxxxxxxxxxx,dayda
"thanks bro",pesimistik
thxxxxxxxxxxxxx,justinslash
thhxxxxxxxxxxxxx,justinslash
"thanks pal!",joe321
"thanks mate",livestrong
"ty ty ty ty ty ty ty ty ty",j0nny
"NIce Bro",j0nny
"thank youuuuuuu",isimwar
thankssssssssss,ezio95
"Hi all I have looked at various tuts for Sentry, but would like some help creating a config for gloryholeswallow. thanks in advance. FB",funky_bob
"thanks man",funky_bob
"thanks man",funky_bob
"Thanks man",gxfc
"thank you mate",badboy50
"thanks v interesting",bboy123
"thanks man",seriouskent
"thank you very much",dasrennen30
"thank you sir",harryglen
"thanks man",akxpy
"thanks man!",nbc
"thanks this post",ranaji
"thanks dude",stevie3285
"thx for share man",dayswaper
,scsa316
"c'mon !",crxid192
"thank you very much!!",ozakong
"Look forward to checking this out.",brianpotter2013
thankssssssssss,mimosb96
"thanks man haha",plooperbooper
"Imma going",bubbamq
thanksssssss,mimosb96
"thank you brother",wanderingmonarch
"thanks a lot bro.....",princetime21
"thanks a lot",rashnunl
"thanks man",hondaguy456
"fucking awesome",anurag899599
"Thanks man!",lupiniii
"fucking awesome",anurag899599
"thakn you.",lenin
"thanks man",whakouks
thankssssssssssssss,hamrinof555
"thanks for content",fakemfc
"thanks for content",fakemfc
"thanks a lot",duck34
"thank you sir",jabroni
thanks!!!!!!,manfingoo
Thanks......,vesp
Thanks.....,vesp
thank....thank....,babalu
iruasgiugaofyg,michaelbrown
"thanks very much",westy27
"thanks man",antonio2006
"Thanks ...will try it",ojas360
"thank you !!",patcher
"thanks brah",countachj
thnx!!thnx!!,
thnx!!thnx!!,
"thanks............................................ .................................................. ...",akashkol25_2540gmail
"Thank you very much",wolf
"Thanks for sharing. Although the THX icon is not visible.",lonely
"Bro, not all images are display, can u upload again Please TY",faker
"Thanks a lot for his complete tutorial",faker
"thank you so much",helikun
"Will try this right now!",bluesky66
"thank you very much...",mimhaydar
"ty so much man",toto42
"thanks dude awesme",mydammedlife
"thanks very",newawefa
"thanks for the tut",mr
"thanks alot",mr
"thanks very much",mr
"we out here son",one07
"thank youuuuuuu",one07
thnnnnnnnnnnnnnnnnx,ramyelqalfat
"thanks you !",bshi02
"Thanks man",naruto25
"Thank you so much dude",idarky
"thanks you!",bshi02
"very nice.",eminemrap
"I really needed this thank you so much",aswag1
"thanks my friend",zerfat
thxxxxxxxxx,scaryhawk
"thanks a lot",m
"thanks very much",lil_vic
"thanks for the tut",jimseva
"i wanna know this thnx",ramyelqalfat
"Yet another step I need to take, thanks.",maxebi
"this is very good post baby",maxebi
"very cool share thanks",dibdab0875
"thx 10chars",aliv3
"Thanks, i'll try to do it haha",bass
"thanks man",aekaras21
"Please share a working config realitykings for sentry mba or fastocr !!!",saddasfs
"thanks for sharing",morrid
"thanks in advance",jxshy
thanxxxxxxxxxxxxxxxxxxxxxxxxxxx,d3dm
"thanks man",adamsky
"thanks man",twyton
thanks!!!!!!!!,jfghdghdfgks
thanks!!!!!!!!,jfghdghdfgks
"thanks very",newawefa
thankssssss,tngimod
"thank you very much",tngimod
"learning alot",tngimod
"thanks dude",sonny1357
"thanks dude",sonny1357
"Thank you for Step 3. I think I might be getting a little closer to understanding things, but I'm not quite there yet. Hopefully this helps.",diehardninja
"Thanks i go to see it",unfi
"Thanks man",unfi
"Thanks thanks i will blowjob you",unfi
"Let me learn, thx!",guyfawkes
"Lets seeee",guyfawkes
"Thanks alot, i might be able to crack it i guess",coolkid005
"Thanks alot, i might be able to crack it i guess",coolkid005
thxxxxxxxxxxxxxx,ninja3000
..............,elcangry310
thankkssssss,ranchan03
..........................,elcangry310
"thank you so much",ftl
"thank you so much",ftl
"thank you so much",ftl
"thanks a lot......",lembandol
thanksmate,redjuice55
"Thanks man!!",redjuice55
"thank you )",redjuice55
"Thanks a lot",dyam
"thanks man",crakingfan
thanks!!!!!!!!!!!!!!!!!!!,crakingfan
thanksmate,crakingfan
"I would like to see this,",antonio2006
"thanks for this!",_25D0_25F8pe
"nice one! thanks",theemc
"Thank you for posting this.",imtim3
"Thank you for posting this.",imtim3
"Thank you for posting this.",imtim3
thxxxxxxxxxxxxxxxxxx,chakeris
"Quote: Originally Posted by Wolves *** hidden content *** thxxxxxxxxxxxxxxxxxxxxx",chakeris
"thx bro!",edsonjunior
"thanks a lot",maxscript
"thanks a lot!",conal
thanks?????,mermermer
"I wanna see this thanks",bonzoshot
"Rganks mate",jinji
"Edited: double post",jinji
"Thanks for this share!",jinji
thaaaaaaaaaaaanx,akki8686
thaaaaaaaaaanx,akki8686
"very informative. thanks alot!",zadragon
"nice info. thanks alot!",zadragon
"tnx for share body",arsaces
"thank for share",arsaces
"Alright I'll bite!!!!!",shadowju12
"thanks a lot!",godmother
"thanks a lot!",godmother
"thanks a lot!",godmother
"Thanks for the tutorial!",shark7519
"Thanks for the tutorial!",shark7519
"Thanks for the tutorial!",shark7519
tnx..................,bloschip818
"cant wait to try",robbz1990
"thanks buddy",stevejenks87
"thanks, good looks",stevejenks87
thnxxxxxxxxxx,fito5314
"Thanks man!!",yepa
"Thanks man!!",yepa
"Thanks man!!",yepa
"would love to see this. thxx",wetti
"aweosme man really nice",avi57
"thank you",ivx
"Yet another step I need to take, thanks.",saladfingers
"Thanks you a lot for this.",saladfingers
"thsns mamns",lufecmo
"thanks man",lufecmo
"tanks mate",adammaley
thanksmate,adammaley
"thank you",halloblubb
"thank you :d",halloblubb
"Thank you",halloblubb
"thank you!!",prpikachu
"thank you",halloblubb
thxxxxxxxxxxxxxxx,chakeris
thanksssssssss,krayzie
thaaaaaaaaaaaaaaaaaaaaaaaaaaaaaank,ovan27
Thx!!!!!!!!!!!!!!!,dlatldldyd
Thx!!!!!!!!!!!!!!!,dlatldldyd
Thx!!!!!!!!!!!!!!!,dlatldldyd
"thanks a lot",krappa123
"merci beaucoup",bziz
thankssssssss,lolianos
thankssssssssssssssss,krayzie
thankssssssssssssssss,krayzie
"Let me see",nichyxd
"thanks a lot",gizmo69
"thanks a lot",gizmo69
"thanks a lot",gizmo69
"thanks a lot!",idave
"thank you !",cobraromania
"I would like to see this, thanks.",noobert
"I would like to see this, thanks.",noobert
"thanks very much",westy27
"1.0 Leeching Proxys 2.0 Checking Proxy 3.0 Leeching Combo 4.0 Gather Config 5.0 Cracking Accounts " Final Step "",_2540echo_257Fuw8ecr
"You do not have sufficient rights to see the hidden data contained here.",_2540echo_257Fuw8ecr
"What is a config ? why do we need it for cracking? Config is Configration file wich tells Bruteforcer to what to do! How to get Configs ? Simple use CrackingArena.com You do not have sufficient rights to see the hidden data contained here.",_2540echo_257Fuw8ecr
"You do not have sufficient rights to see the hidden data contained here.",_2540echo_257Fuw8ecr
"help me help me",mio_mio15
"You do not have sufficient rights to see the hidden data contained here.",_2540echo_257Fuw8ecr
"Leeching Proxys: Let's look at several ways to obtain proxies! You do not have sufficient rights to see the hidden data contained here.",_2540echo_257Fuw8ecr
"Quote: Originally Posted by Persian Satan Hey all persian members here is a simple video TUT about Cracking Brazzers Hope U like it You can watch it online from YouTube YouTube *** hidden content *** Or Download It From Here Uploadbaz *** hidden content *** Hellooo thanks",ludak96
"thanks mate",miel915
"thanks alot",chubz
"Quote: Originally Posted by mokill ffffffffffffffffffffffffffffffffffffffff thaaaanks",explo
"thasnk man",antonio2006
"I would like to see this, thanks.",noobert
"I would like to see this, thanks.",noobert
":sSi g_huh:",pokinator
"thanks bro",lick1234
"thanks great help",kidopitz27
"thanks mate",adammaley
thanksmate,adammaley
"Great work bud, this should help me no end, thanks.",cn03vil
"will try it",cantfixthis
"let me see that",cantfixthis
tyyyyyyyyyyyyyyyyy,iozone
yeahhhhhhhhhhhhhh,fito5314
"tankyou broossizz",centerhero
"Testing testing",gogle314
"thanks man",aekaras21
"thanks man",alexangel96
"thanks man",blackheart09
"thanks for sharing",marpie87
"just did this now....this is beyond awesome",hayor
"Gotta try this yo ! Awesome !!!",hayor
"this is awesome !!! thanks",hayor
"lets seeeeee!",fovaride
https://www.facebook.com/,locouseking69
"hanks touiiiiii",painx
"let me see this",dark7568
"Thanks for your tutorials !!!",dark7568
"thanks a lot",mrlee1988
"Thanks for your information",fire9999
"thnx a lot",jano2014
thankssssss,luzifer
"thank u bro hope your having a great day",locouseking69
ddddddddddddddddddddddddddd,sakhi
"thank youuu",oldmanchitsu
"cool thanks",kingragnar
"thanks man! I need to start learning cracking!",rahulkulhalli
"Thanks alot",rico
thanksssssssssssss,xiancn
"Thanks 4 that",solar
"Thanks 4 that",solar
"thanks a lot",wolf007
"Salam Pas on file ke gofti to site hast download konid nistesh ke male confing bod",mizra
thxxxxxxxxx,00psi
"Ncie sokdas sdsa d sa",robya
"thank you sir",stuck8
"thanks a lot",kik34
"xcvx cvxcvc vxxcv v",vahidnfc
"thanks for this",lick1234
"thx bro",bing213
"Hopefully this will be very useful thanks",hopsin
"thank you...",vladpetr
"hope i can use this",swiftc0re
jbckebsjcbwjsbc,gimbo2
"thanks dude",bledi13
"thanks dued",bledi13
"Thanks alot",hroatgar
goooooooooooooooooooooooddddddddddd,bilalquryshi
"thank you very much",pocketaces
"thanks for the share",opking
"thank you!!",matanxno
"Thanks satan",l_kingdevil_l
"thanks man",melemko
"great!.... nice job!",thenewjoker
"thanks a lot",lofasz
"thank's for sharing this persian satan",antonio2006
thanxxxxxxxxxxxxxxxxxxxxxxxxxxxxxx,alriah
yyohooooooooooooooooooo,alriah
"thx man :",krengaroo
thXxxxxXxxxxxXxxxx,krengaroo
"Thank you.",shellbox
"piece of cake",nagre
"thanks so much for this",endle
"Thanks man, was looking for something like this.",anoncxd
"big ups bro!",gggggunit4evr
thaaaaaaaaaaaaaaaaaaaaanks,chakib
"thank you!",fggu
"Looking for info",sokeefe
"thanks man",hx45
"MrC dawshi :x tu tunel amuzesh hato mibinam dada:x",krengaroo
"thanks dude",marques04
"need it a lot thanks",hazem
thnxxxxxxxxxxx,stkch
"thank you for this",unkn0wnz
"thank you....",moss
"thanks for this",doller21
"thank you very much",loubro
"thx for this!",chuckie
"thanks bro.",sollaris
"Thanks maan",freeze
danke...........,peterchen8888
"thanks thanks",obi79
"thanks a lot",lindes11
"thank it very good",gazigolf
hhhhhhhhhhhhhhhhhhhhhhhh,wajidkhan
"thank you.......",dithy
"thanks will try this",aidan
"Thank You Bro xD",123
thnnnnxxxxxxxx,stkch
thanksssssss,farshidhacker2013
"thanks bro",sib881
"thank alot",riz3via
cooooooool,rashid1996
"Thanks bro!",yup111
Thanks!Thanks!,tesma
"thanks man...",madafaka
"tyyyyyyyyyyyyyyyyyyyyyyyyyyyyyyyyyyyy really good ~",kimo15
"Thank ya broham!",yup111
"Thanks for sharing the guide",d33x
"Thanks a lot !",al2colo
"Thanks bro let me know the other way too",uzumaki
cccccccccccccc,bookgame
"thanks a lot",mateusdeniro
"thnxs mann!!",baggi
"thanks a lot",muazmushtaq
"very very gooog",maxebi
"thanks mann",madballa
"awesome man",kmgyw
"good bro,thanks",sillabub
"thanks a lot",b00st
"thanks a lot",runrun
"good tuts ,thank's bro",sillabub
"thank's for sharing",sillabub
thanksssssssssss,elephant25
thankssssssssssssssssssss,elephant25
"I will try it too. Thank you",00170
"thanks a lot",fs7400
"grazie a tutti",segnor
"thank you admin..!!",kkkt9t
"nice share",pitasan
"Thanks You",venky_agas
thanks!!!!!!!!!!!!!!!!!!!!!!!!!!!!!!!!!11,stevewrecks85
"thanks really!",nick92
"will try this",crack1991
"thanks man",ruffy
"thanks for the tut",ovary88
"Thanks mate!",suzyxoxo
"thanks for the info!",offlinefreaks
"thnx so much man",diniro
thanksbraaaaa,samfisher111
thanksbraaaa,samfisher111
"thanks so much",rezaee
thanks.........................,fishh
Thanks....,blk215
"thanks man",kasa
thnx!!!!!!!!!!!!!,wil0206
"awesome thanks",bobbylux
"tanks tanks",saeidarsham
"thanks man",ianshaw
"Thank you mate",uzumaki
"Thank you much",frodofan
"I'd really appreciate if I could have a look at this, thanks in advance.",p0me
"thanks alot",wdrrbbggggde
thanks........................,sir
"thanks a lot",wdrrbbggggde
thanksssssssss,siik420
thanxxxxxx,siik420
"Thanks again burn",lindes11
ffffffffffffffffffffffffff,darka001
"thank's for sharing this persian satan",simonrule
"Hey all persian members here is a simple video TUT about Cracking Brazzers Hope U like it You can watch it online from YouTube YouTube You do not have sufficient rights to see the hidden data contained here. Or Download It From Here Uploadbaz You do not have sufficient rights to see the hidden data contained here.",persian
"thank u bro",amirk2
thanksssssssssss,kevil2013
"thanks man",bogtaya
"thanks a lot",jajanxaeni
"thanks alot",prince6100
"thanks a lot",eduardocrios
"many thanks",kirk
"thanks for sharing",ermac11
"thanks so much",spooglegookster
"Thanks man",junglerit
"Quote: Originally Posted by BuRn brazzers use google recaptcha...so needs to try with diffrent login links...ill make another video tut for captcha sites to create idea how to work ok dude that will be great and thanks again for that awesome tutorial",simonrule
"Quote: Originally Posted by simonrule could please make a vid tutorial on how to make config for websites that use captcha like brazzers and naughtyamerica? brazzers use google recaptcha...so needs to try with diffrent login links...ill make another video tut for captcha sites to create idea how to work",
"thank's and hope i can find more tut on your youtube channel",simonrule
"could please make a vid tutorial on how to make config for websites that use captcha like brazzers and naughtyamerica?",simonrule
"thank's a lot for sharing burn",simonrule
"Hey CA Members! Today I Created One Tutorial To Show U How U Can Create Ur Own Configs For SentryMba With Data Capture! You do not have sufficient rights to see the hidden data contained here. Hope This Would Help U! GooD Luck And Enjoy Ur Stay In CrackingArena!",unrated
"Thanks ...",alettaocean
"nice i will try",multicracker
thnxxxxxxxxxxxx,hatemepaps
"thanks a bunch",beatthepoop
thanksssssssssssssssss,simonrule
thankssssssss,simonrule
thanksssssssssss,jamalpor2
thankssssssssssssssssss,jamalpor2
"thanks a lot",wdrrbbggggde
"Thank you!",explosivetoffee
thnxxxxxxx,hatemepaps
"thanks for the tut",swallow
"thanks a lot man",lindes11
"thanks for the advice",campaj
"thankyou very much",coral6105
"thanks..i'll try it bro..",c00l_k4s
merciiiiiiiiiiii,lord_wolf7
"Thanks bro",mattshy
thanksssssssssssssss,simonrule
"so helpful !",alireza
"thanks for this usefull thing !",skonaldo
"so cool and useful !",alireza
"so useful !",alireza
"Thanks for the crack",usf
thanssssssssss,muazmushtaq
Thanksssssssssss,muazmushtaq
"Guys I recently saw 4 to 5 persons claiming that they can hack origin and steam,And they were selling it for $10 I cant buy it so can someone tell me a way that can hack origin accounts with games in it(I cant login to check so many accounts with sentry mbaor any way to automatically checking them),I will thank him,",muazmushtaq
"great brooooooooo",umathala
"great brooo",umathala
"great brooooooooooo",umathala
"thanks man",lea7s
"i will look at this",lea7s
"alright lets see here",mryang
"thanks for the info",mszyca
"thanks for the info",mszyca
"good job MAN",memovet
thanksssssssssssssssssdddddddsss,somads
"thank you man you are the good one",solo80
effffffffffeefef,wwexy
"thanks for share",denzerous
"thanks duuudee",since13
"by goolg e? nice",king_diamond
"hmm only iranian ? can I see it anyway edit: ok nw I understand",king_diamond
"thanks man",roiefink
"thanks man",roiefink
"thanks man",roiefink
"thanks man",carmelm
"thanks man",azanali
"thank you very much",a7x4life
"thanks man",azanali
"thanks a lot",a7x4life
ytghfgkdgfjgfjgjjgjg,ezri
"thank u bro",dhan1
Thanks.....,ne0544
jkjkjkjkjkjkjkjkjkjkjkjkjkjkjkjkjkjkjkjkjkjkjk,umar786
"lets try this!!!!",baggi
"lets check whts there",baggi
"Nice guide here!",hdkramer
"thanks for the tut",pigma60
thanks.........................................,sir
"Quote: Originally Posted by SIR.BOSS thanks.................... your welcome bro",reptile
thanks....................,sir
"Thanks for the great tutorial!",mchardwire
"Salam to all CA lover's i want to share short video tut get valid proxy, this tut i make a few months ago and i share in my comunity but now i will share with you guys i hope you like and help you You do not have sufficient rights to see the hidden data contained here.",reptile
"thankz man",masterayam
"Thanks man",hotte
Thanks...........................................,sir
"thank you very much",greymulkin
